--
-- PostgreSQL database dump
--

SET statement_timeout = 0;
SET lock_timeout = 0;
SET client_encoding = 'UTF8';
SET standard_conforming_strings = on;
SET check_function_bodies = false;
SET client_min_messages = warning;

--
-- Name: plpgsql; Type: EXTENSION; Schema: -; Owner: 
--

CREATE EXTENSION IF NOT EXISTS plpgsql WITH SCHEMA pg_catalog;


--
-- Name: EXTENSION plpgsql; Type: COMMENT; Schema: -; Owner: 
--

COMMENT ON EXTENSION plpgsql IS 'PL/pgSQL procedural language';


SET search_path = public, pg_catalog;

SET default_tablespace = '';

SET default_with_oids = false;

--
-- Name: actors; Type: TABLE; Schema: public; Owner: postgres; Tablespace: 
--

CREATE TABLE actors (
    id integer NOT NULL,
    fullname character varying(255) NOT NULL
);


ALTER TABLE public.actors OWNER TO postgres;

--
-- Name: actors_id_seq; Type: SEQUENCE; Schema: public; Owner: postgres
--

CREATE SEQUENCE actors_id_seq
    START WITH 1
    INCREMENT BY 1
    NO MINVALUE
    NO MAXVALUE
    CACHE 1;


ALTER TABLE public.actors_id_seq OWNER TO postgres;

--
-- Name: actors_id_seq; Type: SEQUENCE OWNED BY; Schema: public; Owner: postgres
--

ALTER SEQUENCE actors_id_seq OWNED BY actors.id;


--
-- Name: categories; Type: TABLE; Schema: public; Owner: postgres; Tablespace: 
--

CREATE TABLE categories (
    id integer NOT NULL,
    name character varying(255) NOT NULL
);


ALTER TABLE public.categories OWNER TO postgres;

--
-- Name: categories_id_seq; Type: SEQUENCE; Schema: public; Owner: postgres
--

CREATE SEQUENCE categories_id_seq
    START WITH 1
    INCREMENT BY 1
    NO MINVALUE
    NO MAXVALUE
    CACHE 1;


ALTER TABLE public.categories_id_seq OWNER TO postgres;

--
-- Name: categories_id_seq; Type: SEQUENCE OWNED BY; Schema: public; Owner: postgres
--

ALTER SEQUENCE categories_id_seq OWNED BY categories.id;


--
-- Name: comments; Type: TABLE; Schema: public; Owner: postgres; Tablespace: 
--

CREATE TABLE comments (
    id integer NOT NULL,
    content character varying(255) NOT NULL,
    user_id integer NOT NULL,
    movie_id integer NOT NULL,
    created_on character varying(255)
);


ALTER TABLE public.comments OWNER TO postgres;

--
-- Name: comments_id_seq; Type: SEQUENCE; Schema: public; Owner: postgres
--

CREATE SEQUENCE comments_id_seq
    START WITH 1
    INCREMENT BY 1
    NO MINVALUE
    NO MAXVALUE
    CACHE 1;


ALTER TABLE public.comments_id_seq OWNER TO postgres;

--
-- Name: comments_id_seq; Type: SEQUENCE OWNED BY; Schema: public; Owner: postgres
--

ALTER SEQUENCE comments_id_seq OWNED BY comments.id;


--
-- Name: movies; Type: TABLE; Schema: public; Owner: postgres; Tablespace: 
--

CREATE TABLE movies (
    id integer NOT NULL,
    description character varying(255),
    director character varying(255),
    duration integer,
    imdb_rating numeric(10,1) DEFAULT 0.0,
    language character varying(255),
    name character varying(255),
    poster text,
    studio character varying(255),
    trailer_url character varying(255),
    year integer,
    rating numeric(10,1) DEFAULT 0.0
);


ALTER TABLE public.movies OWNER TO postgres;

--
-- Name: movies_actors; Type: TABLE; Schema: public; Owner: postgres; Tablespace: 
--

CREATE TABLE movies_actors (
    movies_id integer NOT NULL,
    actors_id integer NOT NULL
);


ALTER TABLE public.movies_actors OWNER TO postgres;

--
-- Name: movies_categories; Type: TABLE; Schema: public; Owner: postgres; Tablespace: 
--

CREATE TABLE movies_categories (
    movies_id integer NOT NULL,
    categories_id integer NOT NULL
);


ALTER TABLE public.movies_categories OWNER TO postgres;

--
-- Name: movies_id_seq; Type: SEQUENCE; Schema: public; Owner: postgres
--

CREATE SEQUENCE movies_id_seq
    START WITH 1
    INCREMENT BY 1
    NO MINVALUE
    NO MAXVALUE
    CACHE 1;


ALTER TABLE public.movies_id_seq OWNER TO postgres;

--
-- Name: movies_id_seq; Type: SEQUENCE OWNED BY; Schema: public; Owner: postgres
--

ALTER SEQUENCE movies_id_seq OWNED BY movies.id;


--
-- Name: roles; Type: TABLE; Schema: public; Owner: postgres; Tablespace: 
--

CREATE TABLE roles (
    id integer NOT NULL,
    name character varying(255) NOT NULL
);


ALTER TABLE public.roles OWNER TO postgres;

--
-- Name: roles_id_seq; Type: SEQUENCE; Schema: public; Owner: postgres
--

CREATE SEQUENCE roles_id_seq
    START WITH 1
    INCREMENT BY 1
    NO MINVALUE
    NO MAXVALUE
    CACHE 1;


ALTER TABLE public.roles_id_seq OWNER TO postgres;

--
-- Name: roles_id_seq; Type: SEQUENCE OWNED BY; Schema: public; Owner: postgres
--

ALTER SEQUENCE roles_id_seq OWNED BY roles.id;


--
-- Name: users; Type: TABLE; Schema: public; Owner: postgres; Tablespace: 
--

CREATE TABLE users (
    id integer NOT NULL,
    email character varying(255) NOT NULL,
    fullname character varying(255) NOT NULL,
    password character varying(255) NOT NULL,
    photo text
);


ALTER TABLE public.users OWNER TO postgres;

--
-- Name: users_id_seq; Type: SEQUENCE; Schema: public; Owner: postgres
--

CREATE SEQUENCE users_id_seq
    START WITH 1
    INCREMENT BY 1
    NO MINVALUE
    NO MAXVALUE
    CACHE 1;


ALTER TABLE public.users_id_seq OWNER TO postgres;

--
-- Name: users_id_seq; Type: SEQUENCE OWNED BY; Schema: public; Owner: postgres
--

ALTER SEQUENCE users_id_seq OWNED BY users.id;


--
-- Name: users_movies; Type: TABLE; Schema: public; Owner: postgres; Tablespace: 
--

CREATE TABLE users_movies (
    users_id integer NOT NULL,
    favourites_id integer NOT NULL
);


ALTER TABLE public.users_movies OWNER TO postgres;

--
-- Name: users_roles; Type: TABLE; Schema: public; Owner: postgres; Tablespace: 
--

CREATE TABLE users_roles (
    users_id integer NOT NULL,
    roles_id integer NOT NULL
);


ALTER TABLE public.users_roles OWNER TO postgres;

--
-- Name: id; Type: DEFAULT; Schema: public; Owner: postgres
--

ALTER TABLE ONLY actors ALTER COLUMN id SET DEFAULT nextval('actors_id_seq'::regclass);


--
-- Name: id; Type: DEFAULT; Schema: public; Owner: postgres
--

ALTER TABLE ONLY categories ALTER COLUMN id SET DEFAULT nextval('categories_id_seq'::regclass);


--
-- Name: id; Type: DEFAULT; Schema: public; Owner: postgres
--

ALTER TABLE ONLY comments ALTER COLUMN id SET DEFAULT nextval('comments_id_seq'::regclass);


--
-- Name: id; Type: DEFAULT; Schema: public; Owner: postgres
--

ALTER TABLE ONLY movies ALTER COLUMN id SET DEFAULT nextval('movies_id_seq'::regclass);


--
-- Name: id; Type: DEFAULT; Schema: public; Owner: postgres
--

ALTER TABLE ONLY roles ALTER COLUMN id SET DEFAULT nextval('roles_id_seq'::regclass);


--
-- Name: id; Type: DEFAULT; Schema: public; Owner: postgres
--

ALTER TABLE ONLY users ALTER COLUMN id SET DEFAULT nextval('users_id_seq'::regclass);


--
-- Data for Name: actors; Type: TABLE DATA; Schema: public; Owner: postgres
--

COPY actors (id, fullname) FROM stdin;
1	Ilia Radevski
2	Greg Kinnear
6	John Paul Gamoke
9	Jim Lovell
11	David Harbour
15	Russell Schweickart
18	Eugene Cernan
22	Jennifer Edwards-Hughes
24	Michael Collins
26	Juan Luis Acevedo
27	Kirstie Alley
28	Jolene Andersen
29	Max Barry
34	Haluk Bilginer
35	Özgü Namal
36	Ragip Savas
37	Sermiyan Midyat
42	Mao Inoue
43	Gô Ayano
44	Nanao
45	Misako Renbutsu
50	George Nader
51	Claudia Barrett
52	Selena Royle
53	John Mylong
54	Selma Blair
55	Joshua Close
56	James D'Arcy
57	Rachel Miner
62	Chase Ellison
63	George Webster
64	Rachael Nastassja Kraft
65	Lisa Long
67	Anna Friel
68	Danny McBride
69	Jorma Taccone
70	Daniel Giménez Cacho
71	Ramón Barea
72	Inma Cuesta
73	Ángela Molina
74	Patrick Stewart
75	Marcia Gay Harden
76	Lauren Holly
77	Roy Scheider
78	John Paul Tremblay
79	Robb Wells
80	Mike Smith
81	John Dunsworth
82	Sol Heras
83	Douglas Russell
84	Amber Jean Rowan
85	Simon Armstrong
86	Clint Jordan
87	Kirsten Russell
88	Dudley Findlay Jr.
89	Anthony Howard
90	Samaire Armstrong
91	Kevin Zegers
92	Sherry Miller
93	Robert Joy
94	Malcolm McDowell
95	Shannen Fields
96	Corbin Bernsen
97	Tom Sizemore
98	Nick Nolte
99	Jeff Bridges
100	Sharon Stone
101	Catherine Keener
102	Aidan Gillen
103	Eva Birthistle
104	Timothy Spall
105	Ella Connolly
106	Brandon Tyler Russell
107	Freddie James
108	Peter Fonda
109	Mira Sorvino
110	Liam Neeson
111	Julianne Moore
112	Scoot McNairy
113	Michelle Dockery
114	Annabella Sciorra
115	Jamey Sheridan
116	Anthony LaPaglia
117	Jill Clayburgh
122	Roscoe Lee Browne
123	Corey Burton
124	Dane A. Davis
125	Joseph Gordon-Levitt
126	Paul Austin
127	Robert John Burke
128	Martin Donovan
129	Erica Gimpel
130	Barbara Hershey
131	Keanu Reeves
132	Peter Falk
133	Bill McCutcheon
134	Antonio Banderas
135	Lucy Liu
136	Gregg Henry
137	Ray Park
138	Robert Mitchum
139	Jean Simmons
140	Mona Freeman
141	Herbert Marshall
142	The Beatles
143	Paul Angelis
144	John Clive
145	Dick Emery
154	Toni Collette
155	Philip Seymour Hoffman
156	Barry Humphries
157	Eric Bana
158	Thomas Jane
159	Dexter Fletcher
160	David O'Hara
161	Deborah Kara Unger
162	Liev Schreiber
163	Helen Hunt
164	Carla Gugino
165	Ezra Miller
182	Alex Etel
183	Lewis McGibbon
184	James Nesbitt
185	Daisy Donovan
229	Stephanie Glaser
230	Annemarie Düringer
231	Heidi Maria Glössner
232	Monica Gubser
253	Whip Hubley
254	Joaquin Phoenix
255	Peter Billingsley
256	Stefan DeSalle
265	Sean Bean
266	Danny Dyer
267	Rupert Friend
268	Sean Harris
287	Christian Slater
288	Peter Facinelli
289	Laura Regan
290	David McIlwraith
331	Ellen Barkin
332	Gabriel Byrne
333	Richard Dreyfuss
334	Jeff Goldblum
353	Russell Crowe
354	Jon Foster
355	Sophie Traub
356	Laura Dern
373	Sarah Paulson
374	Jeremy Allen White
375	Wes Bentley
376	Corey Stoll
392	Saskia Rosendahl
393	Nele Trebs
394	Mike Weidner
395	Ursina Lardi
411	Alex McArthur
412	Rebecca Harrell Tickell
414	Laura Esterman
416	Sage Allen
454	Benji
455	Art Vasil
456	Allen Fiuzat
457	Patsy Garrett
475	Divine
476	David Lochary
477	Mary Vivian Pearce
478	Mink Stole
494	N/A
513	Daniel Craig
514	Naomi Watts
515	Rachel Weisz
516	Elias Koteas
537	Anthony DeSando
538	Guillermo Díaz
539	Donna Mitchell
560	Yûka
561	Karina
562	Kippei Shîna
563	Tetta Sugimoto
583	Michael Angarano
584	M. Emmet Walsh
585	Robert Wagner
604	Joan Allen
605	Joey Ansah
606	Pat Crowley
607	Matt Damon
627	Biff Yeager
628	Kristi Somers
629	Richard Blade
630	Ian Michael Giatti
649	Travis Fimmel
650	Teresa Palmer
651	Stephen Moyer
652	Phillip Holder
671	William Thorne
672	Jane Higginson
673	Van Quattro
674	Tracy Fraim
691	Isaac C. Singleton Jr.
692	Sadie Alexandru
693	Marco Khan
709	Cher
710	Dennis Quaid
711	John Mahoney
759	Sharlto Copley
760	Jason Cope
761	Nathalie Boltt
762	Sylvaine Strike
780	Clint Eastwood
781	David Huffman
782	Warren Clarke
803	Bruce Willis
804	Emily Lloyd
805	Kevin Anderson
826	Chris Carmack
827	Melissa Jones
828	Kevin Yon
852	Sidney Toler
853	Phyllis Brooks
854	Victor Sen Yung
855	Eddie Collins
873	Adrienne Barbeau
874	Stephen Martines
875	Jeremy Jackson
876	Ryan Starr
894	Doug Sweetland
905	Agnes Bruckner
906	Jonathan Jackson
907	Laura Ramsey
908	D.J. Cotrona
931	Bert Sotlar
932	Velimir 'Bata' Zivojinovic
933	Milena Dravic
934	Olivera Markovic
950	Bob Geldof
951	Christine Hargreaves
952	James Laurenson
953	Eleanor David
977	Tom Pelphrey
979	Christopher Lloyd
981	Robert Vaughn
983	Melissa Archer
997	Natassia Malthe
998	Brendan Fletcher
999	Michael Paré
1000	Willam Belli
1057	Laura Haddock
1078	Anthony Franciosa
1079	Jane Fonda
1081	Jim Hutton
1123	Rory Kinnear
1124	Mark Gatiss
1125	Alex Riddell
1126	Peter Forbes
1146	Robert Carradine
1147	Ted McGinley
1148	Curtis Armstrong
1149	Julia Montgomery
166	John Payne
167	Maureen O'Hara
168	Randolph Scott
169	Nancy Kelly
190	Juhani Alaranta
191	Siiri Angerkoski
192	Matti Dahlberg
195	Paavo Hukkinen
233	Aya Ueto
234	Kenji Kohashi
235	Hiroki Narimiya
236	Takatoshi Kaneko
257	Hanns Lothar
258	Helmut Förnbacher
259	Jürgen Janza
260	Hela Gruel
299	Owen Wilson
300	Gene Hackman
301	Gabriel Macht
302	Charles Malik Whitfield
327	Harvey Keitel
328	Cameron Diaz
329	Craig Sheffer
330	Billy Zane
377	Tom Hanks
378	Elizabeth Perkins
379	Robert Loggia
380	John Heard
396	Bing Crosby
397	Danny Kaye
398	Rosemary Clooney
399	Vera-Ellen
419	James Stewart
420	Doug McClure
421	Glenn Corbett
422	Patrick Wayne
435	Barbara Stanwyck
436	Henry Fonda
437	Edgar Buchanan
438	Roger Clark
458	Richard Widmark
459	Felicia Farr
460	Susan Kohner
461	Tommy Rettig
483	Alice Brady
484	Marjorie Weaver
485	Arleen Whelan
498	Tuija Halonen
499	Tapio Rautavaara
500	Aku Korhonen
525	Christopher Plummer
526	James Mason
527	David Hemmings
528	Susan Clark
548	Carlos Cruz
549	Mirta Ibarra
550	Jorge Perugorría
551	Raúl Eguren
572	Mick Jagger
573	Clive Owen
574	Brian Webber
575	Nikolaj Coster-Waldau
586	Louis Garrel
587	Anna Mouglalis
588	Rebecca Convenant
589	Olga Milshtein
612	Lily Collins
613	Christian Cooke
614	Jaime Winstone
638	Steven Seagal
639	Eva Pope
640	Imelda Staunton
641	Vincent Riotta
667	Trisha Todd
668	Karen Trumbo
669	Faith McDevitt
670	Craig Damen
694	Alberto Yoel
695	Roberto San Martín
696	Yailene Sierra
697	Mayra Rodríguez
736	Yu-mi Jung
738	Sun-kyun Lee
740	Jae-yeong Jeong
742	Sang-Jung Kim
755	Chris Farley
756	Nicollette Sheridan
757	Robin Shou
758	Nathaniel Parker
776	Peter Cushing
777	Veronica Carlson
778	Freddie Jones
779	Simon Ward
799	Sacha Baron Cohen
800	Ken Davitian
801	Luenell
802	Chester
841	Trishelle Cannatella
842	Ginny Weirick
843	Maitland McConnell
844	George Takei
899	Jesse Eisenberg
900	Aziz Ansari
901	Nick Swardson
920	Buddy Ebsen
921	Keir Dullea
922	Lois Nettleton
923	Warren Oates
942	Mark Wahlberg
943	Dwayne Johnson
944	Anthony Mackie
945	Tony Shalhoub
962	Paz de la Huerta
963	Katrina Bowden
964	Judd Nelson
965	Corbin Bleu
993	Terri Treas
994	William Katt
995	Scott Burkholder
996	Denny Dillon
1067	Lee Remick
1068	Tyne Daly
1087	Grete Havnesköld
1088	Linn Gloppestad
1089	Martin Andersson
1090	Beatrice Järås
1108	John Savage
1109	Treat Williams
1110	Beverly D'Angelo
1111	Annie Golden
170	Reese Witherspoon
171	Colin Firth
172	Alessandro Nivola
173	James Hamrick
193	Yue Wong
194	Chen Chi Lin
196	Lung Ti
197	Kuan Tai Chen
222	Jessica Lange
225	Armin Mueller-Stahl
227	Frederic Forrest
228	Donald Moffat
237	Liane Balaban
238	Tara Spencer-Nairn
239	Mary Walsh
240	Nicholas Campbell
261	Warwick Davis
262	Charlie Heath
263	Shevonne Durkin
264	Sandy Baron
283	Joss Ackland
284	Hayley Atwell
285	Orla Brady
286	Kevin Flood
343	Harold Lloyd
344	Jobyna Ralston
345	Richard Daniels
346	Carlton Griffin
365	Tony Curtis
366	Virna Lisi
367	George C. Scott
368	Carroll O'Connor
388	Calista Flockhart
389	Richard Roxburgh
390	Elena Anaya
391	Gemma Jones
443	Jean-Claude Van Damme
444	Adam Brody
445	Rob Huebel
446	Kristen Schaal
474	Roscoe 'Fatty' Arbuckle
490	Josette Simon
491	Wabei Siyolwe
492	John Matshikiza
493	Juanita Waterman
509	Adam Sandler
510	Téa Leoni
511	Paz Vega
512	Cloris Leachman
598	Bette Midler
599	Matthew Broderick
619	Corey Haim
620	Nicole Eggert
621	Cameron Bancroft
622	Johannah Newmarch
679	Hollis Frampton
680	Lyne Grossman
681	Naoto Nakazawa
682	Roswell Rudd
698	Pauline Andela
699	Jimmy Biyona
700	Essindi Mindja
701	Sandrine Ola'a
728	Maggie Smith
729	Tom Courtenay
730	Billy Connolly
731	Pauline Collins
751	Lou Diamond Phillips
752	Yancy Butler
753	Tom Wright
754	Glenn Morshower
791	Robert Powell
792	Fiona Walker
793	John Franklyn-Robbins
794	Daphne Heard
812	Mario Lopez
813	Michael Murphy
814	Jeffrey Meek
815	Rosemary Dunsmore
860	Alex Ubokudom
861	Chioma Dunkley
862	Leland B. Martin
863	Corey Campbell
885	Stanley Baker
886	Herbert Lom
887	Peggy Cummins
888	Patrick McGoohan
902	Carrie Fisher
903	Val Kilmer
904	Kim Marriner
924	Pamela Adlon
925	David Arquette
926	Aaron Ashmore
946	Sherilyn Fenn
947	Richard Tyson
948	Louise Fletcher
949	Burl Ives
989	Gerard McSorley
990	Michèle Forbes
991	Brenda Fricker
992	Stuart Graham
1009	Sophia Loren
1010	Jean-Paul Belmondo
1011	Eleonora Brown
1012	Carlo Ninchi
1053	Eric Larson
1054	Francine Lapensée
1055	Rufus Norris
1056	Jack Vogel
1069	Shô Aikawa
1070	Maria Chen
1071	Richard Chen
1072	Jason Chu
1091	Steve Martin
1092	Itzhak Perlman
1093	Quincy Jones
1112	Talia Shire
1113	Burt Young
1114	Carl Weathers
1131	Laurence Olivier
1132	Alec Cawthorne
1133	John Matthews
1150	Lupe Velez
1151	Conrad Nagel
1152	Virginia Bruce
198	Brooke Smith
199	Mark Woodbury
200	Michael Kaycheck
201	Marylouise Burke
218	Iwan Rheon
219	Vanessa Kirby
220	Matthew Lewis
249	Kristen Stewart
250	Chris Hemsworth
251	Charlize Theron
252	Sam Claflin
269	Yul Brynner
270	Maria Grazia Buccella
271	Charles Bronson
295	Marion Cotillard
296	Julie Depardieu
297	Jonathan Zaccaï
298	Éric Berger
319	Tilly Hatcher
320	Maggie Hatcher
321	Alex Karpovsky
322	Katy O'Connor
339	Guilherme Winter
340	Sérgio Marone
341	Camila Rodrigues
342	Giselle Itié
361	Burt Lancaster
362	Kirk Douglas
363	Charles Durning
364	Alexis Smith
384	Adrienne Shelly
385	Tim Guinee
386	Roger Rees
387	Louise Lasser
431	Francis Acquas
432	Mark Bringelson
433	Ray Chang
434	BP Cheng
450	Paul Jones
451	Jean Shrimpton
452	Mark London
453	William Job
470	Matthew Macfadyen
471	Keeley Hawes
472	Andy Nyman
473	Ewen Bremner
495	Dina Merrill
496	Edward Andrews
497	Vivian Nathan
540	Deepak Dobriyal
541	Manav Kaul
542	Badrul Islam
543	Bharti Bhatt
564	Amber Clayton
565	Ditch Davey
566	Eddie Baroo
567	Peta Sergeant
594	Justice Leak
595	Robert Pralgo
596	Beth Keener
597	Jason Turner
608	Paul Hogan
609	Linda Kozlowski
610	John Meillon
611	David Gulpilil
631	Yann Yann Yeo
632	Tian Wen Chen
633	Angeli Bayani
634	Jia Ler Koh
683	Johnny Cash
684	Andy Griffith
685	Earl Hindman
686	Ed Van Nuys
702	Antonio Sabato Jr.
703	Deanna Russo
704	Nicholas Irons
705	P.J. Marino
720	Deborah Walley
723	Tommy Kirk
724	Bobby Pickett
726	Suzie Kaye
747	Suraj Sharma
748	Irrfan Khan
749	Ayush Tandon
750	Gautam Belur
769	Al Pacino
770	Brenda Vaccaro
771	John Goodman
772	Deirdre O'Connell
795	Nicholas Hope
796	Peter Henderson
797	Barbara Nicholls
798	Connie Barrowman
837	Jean Dujardin
838	Jocelyn Quivrin
839	Patrick Mille
840	Vahina Giocante
856	Glynis Johns
857	Cameron Mitchell
858	Rex Thompson
859	Patty McCormack
877	Regina Linnanheimo
878	Eero Paganus
879	Assi Raine
880	Annie Mörk
895	David Scott
896	Paul Boensch III
897	Johnny Harra
898	Lawrence Koller
916	Argentino Vargas
917	Misael Saavedra
918	Carlos Landini
919	Jorge Franceschelli
938	Jennifer Lawrence
939	Josh Hutcherson
940	Liam Hemsworth
941	Woody Harrelson
966	Kyle McCulloch
967	Gosia Dobrowolska
968	Sarah Neville
969	Brent Neale
985	George Montgomery
986	Neville Brand
987	Buster Crabbe
988	Karin Booth
1013	Iko Uwais
1014	Sisca Jessica
1015	Christine Hakim
1016	Mads Koudal
1045	Goldie Hawn
1046	Kurt Russell
1047	Edward Herrmann
1048	Katherine Helmond
1083	Selvagem Big Abreu
1084	Juliana Baroni
1085	Marilu Bueno
1086	Berna Ceppas
1104	Mikael Allu
178	Colin Owens
179	Karina Michel
180	Chandler Rylko
181	Jessica Lee Wrabel
221	Rocki DuCharme
223	Sara Lynne Wright
224	Larissa Schmitz
226	Phillip Abraham
245	Henry Jaglom
246	Nelly Alard
247	Melissa Leo
248	Suzanne Bertish
303	Willa Holland
304	Amy Jo Johnson
305	Gwen Goldsmith
306	Lucien Dale
323	Katharine Isabelle
324	Emily Perkins
325	Nathaniel Arcand
326	JR Bourne
349	Michael Shanks
350	Kathleen Robertson
351	Martin Cummins
352	Dylan Playfair
369	Tyrone Power
370	Jean Peters
371	Cesar Romero
372	Lee J. Cobb
400	Pierce Brosnan
401	Michael Sheen
402	Parker Posey
423	Rolf Kristian Larsen
424	Amina Eleonora Bergrem
425	Pål Sverre Hagen
426	Ingrid Bolsø Berdal
439	Ayako Wakao
440	Kyôko Kishida
441	Eiji Funakoshi
442	Yûsuke Kawazu
462	Sylvia Sidney
463	George Raft
464	Robert Cummings
465	Barton MacLane
479	Leo Gregory
480	Paddy Considine
481	David Morrissey
482	Ben Whishaw
505	Bernie Casey
506	Pam Grier
507	Lisa Moore
508	Bhetty Waldron
552	Taurean Blacque
553	Nancy Everhard
554	Greg Evigan
555	Miguel Ferrer
600	Hedy Lamarr
601	Victor Mature
602	George Sanders
603	Angela Lansbury
623	Bubba Smith
624	David Graf
625	Michael Winslow
626	Leslie Easterbrook
646	Adewale Akinnuoye-Agbaje
647	Christopher Eccleston
648	Grégory Fitoussi
660	Romain Duris
661	Déborah François
662	Bérénice Bejo
663	Shaun Benson
706	William Powell
707	Carole Lombard
708	Gail Patrick
721	David Duchovny
722	Vera Farmiga
725	Graham Phillips
727	Justin Kirk
765	Paul Kaye
766	Beatriz Batarda
767	Kate Magowan
768	Mike Wilmot
787	Kate Bosworth
788	Matthew Davis
789	Michelle Rodriguez
790	Sanoe Lake
808	Michelle Pfeiffer
809	Zac Efron
810	Charlotte Marshall-Fricker
811	Fiona Choi
845	Walter Matthau
846	Lee Grant
847	Barbara Harris
848	Maureen Stapleton
869	Alistair Abell
870	Debi Mae West
871	Nolan North
872	Scott McNeil
935	Ioan Gruffudd
936	Rhys Wakefield
937	Alice Parkinson
958	Scott Adkins
959	Tsuyoshi Ihara
960	Mika Hijii
961	Todd Jensen
978	Maeve Dermody
980	Charles Dance
982	Toby Stephens
984	Burn Gorman
1005	Carol Burnett
1006	Michael Caine
1007	Denholm Elliott
1008	Julie Hagerty
1077	Lesley-Anne Down
1080	Anna Maria Monticelli
1082	Adam Ant
1094	Walter George Alton
1095	Miguel Ángel Fuentes
1096	Sydne Rome
1115	Carman
1116	Michael Nouri
1117	Patricia Manterola
1118	Jeremy Williams
186	Hervé Villechaize
187	Susan Tyrrell
188	Gisele Lindley
189	Jan Stuart Schwartz
210	Colin Baker
211	Louise Jameson
212	David Troughton
213	John Wadmore
241	Ken McLeod
242	David Anthony Smith
243	Monte Markham
244	Peter Mark Richman
276	Fabrice Luchini
277	Judith Henry
278	Maurice Garrel
279	Marie Bunel
291	Anthony Azizi
292	Gil Bellows
293	Kate Buffery
294	George Calil
315	Josh Lucas
316	Jessica Biel
317	Jamie Foxx
318	Sam Shepard
335	John Carradine
336	Gale Storm
337	Robert Lowery
338	Bob Steele
357	Honor Blackman
358	Susan George
359	Ian Bannen
360	John Gregson
381	Mia Wasikowska
382	Rhys Ifans
383	Logan Marshall-Green
403	Tom Frederic
404	Janet Montgomery
405	Gil Kolirin
406	Christian Contreras
427	Boris Petroff
428	Kari Wuhrer
429	Daria Ciobanu
430	John Light
466	Gordon Scott
467	Anthony Quayle
468	Sara Shane
469	Niall MacGinnis
486	Fernando Ramos da Silva
487	Jorge Julião
488	Gilberto Moura
489	Edilson Lino
521	Earl Lynn Nelson
522	Paul Eenhoorn
523	Daníel Gylfason
524	Þrúður Kristjánsdóttir
544	Tom Laughlin
545	Delores Taylor
546	E.G. Marshall
547	Teresa Kelly
568	Louis Gossett Jr.
569	Mark Humphrey
570	Stuart Margolin
571	Alan Scarfe
590	Jim Varney
591	Ron James
592	Tom Butler
593	Linda Kash
615	Corinne Cléry
616	Michele Placido
617	Quinto Parmeggiani
618	Edoardo Faieta
642	Nicholas Saputra
643	Mariana Renata
644	Rachel Maryam Sayidina
645	Surya Saputra
664	Walter Huston
665	Beulah Bondi
666	Guy Kibbee
687	Woody Allen
688	Diane Keaton
689	Tony Roberts
690	Jerry Lacy
716	Whitney Able
717	Tom Arnold
718	Jordan Belfi
719	Sandra Hess
735	Emmanuelle Chaulet
737	Katherine Bean
739	Grace Phillips
741	Laurel Lee Kiefer
763	Tim Allen
764	Portia de Rossi
783	Connie Nielsen
784	Jonathan Sadowski
785	Sara Paxton
786	Al Thompson
806	Emilio Estevez
807	Kiefer Sutherland
822	Christian Bale
823	Sam Worthington
824	Moon Bloodgood
825	Helena Bonham Carter
865	Brendan Fraser
866	Alicia Silverstone
867	Christopher Walken
868	Sissy Spacek
889	Sidney Poitier
890	Bill Cosby
891	Harry Belafonte
892	Flip Wilson
909	Jim Pryor
910	Stephen Beals
911	Fred Worrell
912	Edith Meeks
927	Sylvester Stallone
928	Madeleine Stowe
929	Anthony Quinn
930	Raoul Bova
954	Ben Phillips
955	Anthony Jenkins
956	Christopher Corey Smith
957	Casey Robinson
973	Donald Pleasence
974	Samantha Eggar
975	Coral Browne
976	Donald Wolfit
1001	Lance Bass
1002	Joey Fatone
1003	Emmanuelle Chriqui
1004	GQ
1027	Luc Merenda
1028	Dayle Haddon
1029	Corrado Pani
1030	Enrico Maria Salerno
1042	Jeremy Sisto
1043	Debra Messing
1044	Jacqueline Bisset
1058	Simon Pegg
1059	Kate Ashfield
1060	Nick Frost
1061	Lucy Davis
1073	Geoffrey Rush
1074	Famke Janssen
1075	Taye Diggs
1076	Peter Gallagher
1097	Julianne Hough
1098	Holly Hunter
1099	Nick Offerman
1100	Phil Austin
1119	Max Ovaska
1120	Julius Lavonen
1121	Outi Mäenpää
1122	Niina Koponen
1105	Bjarne Gunnarsson
1106	Erik Gustafsson
1107	P.A. Emanuelsson
1136	Peppino De Filippo
1138	Carla Del Poggio
1140	Giulietta Masina
1141	John Kitzmiller
1127	Clare Carey
1128	Lance Guest
1129	Jonathon Trent
1130	Sarah Butler
1134	Tomas Milian
1135	Enzo Cannavale
1137	Bombolo
1139	Margherita Fumero
1142	Zoe Lister-Jones
1143	Francis Benhamou
1144	Mimi Lieber
1145	John Rothman
1153	Clark Gable
1154	Jack Warden
1155	Brad Dexter
1156	Sheila E.
1157	Joseph Simmons
1158	Darryl McDaniels
1159	Kevin Spacey
1161	Jason Mizell
1160	Jennifer Garner
1162	Robbie Amell
1163	Cheryl Hines
1164	Eric Stoltz
1165	Mary Stuart Masterson
1166	Lea Thompson
1167	Ryan Gosling
1168	Emily Mortimer
1169	Paul Schneider
1170	R.D. Reid
1171	John Glover
1172	Mario Machado
1173	Leeza Gibbons
1174	John Ingle
1175	Julius LeFlore
1176	RCB
1177	Roddy Piper
1178	William Smith
1179	Michael Forest
1180	Sheila Noonan
1181	Frank Wolff
1182	Wally Campo
1183	Huub Stapel
1184	Monique van de Ven
1185	Serge-Henri Valcke
1186	Hidde Maas
1187	Ewan McGregor
1188	Jonathan Rhys Meyers
1189	Rita Hayworth
1190	Glenn Ford
1191	Alexander Scourby
1192	Valerie Bettis
1193	Willy Fernandez
1194	John Elbert Ferrer
1195	Lois Goff
1196	Kristine Kintana
1197	John Gatins
1198	Lee Armstrong
1199	John DeMita
1200	Justin Smith
1201	Jason Lockhart
1202	Jessica Rose
1203	Kayla Collins
1204	Tahar Rahim
1205	Mark Strong
1206	Freida Pinto
1207	Lowell Conales
1208	Peter Reznick
1209	John McDonough
1210	Avi Hoffman
1211	Victor Steinbach
1212	Scott F. Anderson
1213	Matt Baker
1214	Eileen April Boylan
1215	Laci Couts
1216	Mary Kay Place
1217	Margaret Welsh
1218	Silvano Tranquilli
1219	Antonella Murgia
1220	Peter Lee Lawrence
1221	Nicholas Turturro
1222	James Remar
1223	Doug Bradley
1227	Brad Renfro
1228	Bijou Phillips
1229	Nick Stahl
1230	Esther Williams
1231	Howard Keel
1232	Marge Champion
1233	Gower Champion
1234	Robert Duvall
1235	Bill Murray
1236	Lucas Black
1237	Alyssa Milano
1238	Mark Boone Junior
1239	Brendan Dawson
1240	Wally Brown
1241	Alan Carney
1242	Bela Lugosi
1243	Anne Jeffreys
1244	Tom Selleck
1245	Jane Adams
1246	Reg Rogers
1247	Viola Davis
1248	Adam Scott
1249	Karl Wiedergott
1250	Mark Phinney
1251	Paul Rudd
1252	Orlando Jones
1253	Edmund Entin
1254	Gary Entin
1255	Samantha Droke
1256	Peter Weller
1257	Nancy Allen
1258	Dan O'Herlihy
1259	Ronny Cox
1260	Andra Millian
1261	Kevin Costner
1262	Eve Lilith
1263	Mike Reynolds
1267	Linda Darnell
1268	Dean Jagger
1269	Brian Donlevy
1270	Josephine Baker
1271	Jean Gabin
1272	Pierre Larquey
1273	Yvette Lebon
1274	Victoria Racimo
1275	John Vernon
1276	Iron Eyes Cody
1277	Anne Francis
1278	Louis Calhern
1279	Margaret Hayes
1280	C. Thomas Howell
1281	Lori Loughlin
1282	Kelly Preston
1283	Dee Wallace
1284	Richard B. Shull
1285	Harry Dean Stanton
1286	Ed Begley Jr.
1287	Shannon Lucio
1288	Riley Smith
1289	Justin Baldoni
1290	Bianca Lishansky
1291	Brian Presley
1292	Melanie Lynskey
1293	Christine Lahti
1294	Clifton Collins Jr.
1295	Clancy Brown
1296	Andre Royo
1297	Robyn Rikoon
1298	Millie White
1299	Buck Smith
1300	Anne Giotta
1301	Jeanne Crain
1302	Dana Andrews
1303	Dick Haymes
1304	Vivian Blaine
1305	Lori March
1306	Gerald S. O'Loughlin
1307	Cathy Dunn
1308	Bill Ward
1309	Richard Greene
1310	Basil Rathbone
1311	Wendy Barrie
1312	Nigel Bruce
1313	Cindy Cheung
1314	Michael Chen
1315	Crystal Chiu
1316	Stephen Gevedon
1328	Roy Dupuis
1329	Clara Furey
1330	Louis Negin
1331	Udo Kier
1350	Rebecca Balding
1351	Fred McCarren
1352	Anne-Marie Martin
1353	Jeff Harlan
1387	Kimberly Williams-Paisley
1388	Tammy Blanchard
1389	Fay Masterson
1390	Madison Mason
1408	Samuel L. Jackson
1409	Matthew Modine
1410	Nancy Travis
1428	Max Gail
1429	Adam Baldwin
1430	Mr. T
1431	Charlie Barnett
1448	Kieran O'Brien
1449	Margo Stilley
1466	Joan Crawford
1467	Diane Baker
1468	Leif Erickson
1469	Howard St. John
1499	Jenny Agutter
1500	Bryan Marshall
1501	Clare Sutcliffe
1519	Charlton Heston
1520	Raf Vallone
1521	Geneviève Page
1533	Jason Robards
1534	Jonathan Pryce
1535	Diane Ladd
1536	Royal Dano
1557	David Soul
1558	Lance Kerwin
1559	Bonnie Bedelia
1579	Matthew Perry
1580	Elizabeth Hurley
1581	Vincent Pastore
1582	Bruce Campbell
1599	Steve Whitmire
1600	Dave Goelz
1601	Bill Barretta
1602	Eric Jacobson
1638	Edward Connell
1639	Barbara Hewitt
1640	Frank Bonner
1641	Robin Christopher
1655	Ali Larter
1656	A.J. Cook
1657	Michael Landes
1658	David Paetkau
1684	Kerwin Mathews
1685	Judi Meredith
1686	Torin Thatcher
1687	Walter Burke
1708	Kyle Howard
1709	Herbert Russell
1710	Jamie Lee Curtis
1711	Kevin Pollak
1742	Adel Imam
1743	Soheir Ramzy
1744	Ahmed Rateb
1745	Fekry Abaza
1764	Kristina Klebe
1765	Alexa Havins
1766	Joe Swanberg
1767	Alexia Rasmussen
1808	Mark Holton
1809	Tom Waldman
1810	Charlie Weber
1826	Charles Grodin
1827	Bonnie Hunt
1828	Nicholle Tom
1829	Christopher Castile
1845	Mark Aisbett
1846	Ashton Kutcher
1847	Jon Abrahams
1848	Tara Reid
1867	Jaime Pressly
1868	Devon Aoki
1869	Holly Valance
1870	Sarah Carter
1886	Emma Stone
1887	Abigail Breslin
1900	Ariane Labed
1901	Yorgos Lanthimos
1902	Vangelis Mourikis
1903	Evangelia Randou
1317	Kate Beckinsale
1318	Tom Skerritt
1319	Columbus Short
1354	Chuck Wagner
1355	Laurene Landon
1356	William Wallace
1357	Sue Giosa
1394	Tom Conway
1395	Hillary Brooke
1396	Eddie Marr
1397	John Gallaudet
1418	Steve Toussaint
1419	Angus MacInnes
1420	Mark Bazeley
1453	Juliette Binoche
1454	Chloë Grace Moretz
1455	Lars Eidinger
1473	Ted Neeley
1474	Carl Anderson
1475	Yvonne Elliman
1476	Barry Dennen
1491	Rudolph Christians
1492	Miss DuPont
1493	Maude George
1494	Mae Busch
1507	Jean Remy Genty
1508	Yanmarco King Encarnación
1509	Paul Henri Presumé
1510	Nadal Walcott
1564	Jason Sudeikis
1565	Jenna Fischer
1566	Christina Applegate
1586	Susanna Thompson
1587	Joe Morton
1588	Ron Rifkin
1607	Wyatt Cenac
1608	Tracey Heggins
1609	Elizabeth Acker
1610	Melissa Bisagni
1621	Bob Hoskins
1622	William Petersen
1623	Diana Bellamy
1661	Kate Dickie
1662	Tony Curran
1663	Martin Compston
1664	Natalie Press
1675	Asia Argento
1676	Jean Shepard
1677	Herbert Fritsch
1678	Gianluca Arcopinto
1698	Samy Naceri
1699	Frédéric Diefenthal
1700	Bernard Farcy
1701	Bai Ling
1715	James Garner
1716	Eva Marie Saint
1717	Rod Taylor
1718	Werner Peters
1732	Andy Garcia
1733	Lance Henriksen
1734	Uma Thurman
1735	Graham Beckel
1750	Binnie Barnes
1751	Charles Winninger
1775	Freddie Highmore
1776	Mia Farrow
1777	Ron Crawford
1778	Penny Balfour
1797	Donald O'Connor
1798	Zizi Jeanmaire
1799	Mitzi Gaynor
1818	Werner Herzog
1819	Barbara Weetman
1834	Bonnie Aarons
1835	Lindsay Lohan
1836	Michael Adler
1837	Julia Ormond
1859	Kyle Gallner
1860	Laura Allen
1861	Britt Robertson
1862	Matt Walsh
1883	Sean Cw Johnson
1884	Kris Lemche
1885	Stephen O'Reilly
1358	Diane Lane
1359	Rick Moranis
1360	Amy Madigan
1406	Christopher Lambert
1407	Daniel Baldwin
1424	Christopher Gaze
1425	Michael Dobson
1426	Paul Dobson
1427	Tabitha St. Germain
1445	Lucy Holt
1446	David Sterne
1447	Antonia Bernath
1459	Brenda Blethyn
1460	Craig Ferguson
1461	Martin Clunes
1462	Tchéky Karyo
1480	Michael Parducci
1481	Peter Jacobson
1482	Judy Prescott
1483	Kerr Smith
1504	Ving Rhames
1505	Elsa Pataky
1506	French Stewart
1522	Jesse Metcalfe
1523	Kiele Sanchez
1524	Peter Stormare
1525	Kevin Sussman
1537	Alan Rickman
1538	Mike Noble
1553	Artur Smolyaninov
1554	Aleksey Chadov
1555	Konstantin Kryukov
1556	Ivan Kokorin
1575	Annette Bening
1576	Katie Sagona
1577	Aidan Quinn
1578	Robert Downey Jr.
1595	Nien-Jen Wu
1596	Elaine Jin
1597	Issei Ogata
1598	Kelly Lee
1631	Constance Bennett
1632	Erich von Stroheim
1633	Anthony Bushell
1634	William Holden
1648	Joan Blondell
1649	Dick Powell
1650	Ruby Keeler
1651	Zasu Pitts
1665	Ben Affleck
1666	James Frain
1667	Dana Stubblefield
1668	Mark Acheson
1681	Docs Keepin Time
1682	Alan Cumming
1683	David Thewlis
1704	Denis Leary
1705	Ian Hart
1706	Jason Barry
1707	Lenny Clarke
1725	John Wayne
1726	Rossano Brazzi
1727	Kurt Kasznar
1746	Max Records
1747	Pepita Emmerichs
1748	Max Pfeifer
1749	Madeleine Greaves
1768	Brian Dennehy
1769	Joe Pantoliano
1770	Jeff Fahey
1771	Bill Paxton
1785	David Hewlett
1786	Cynthia Preston
1787	Terry O'Quinn
1788	Bronwen Mantel
1804	Milly Rosso
1805	Becky Rosso
1806	Christopher Cousins
1807	Brittany Curran
1820	Casey Affleck
1821	Kevin Corrigan
1822	Seymour Cassel
1838	Anne Archer
1839	Stephen Young
1840	Parker Stevenson
1863	Victor Rasuk
1864	Donna Maldonado
1865	Kevin Rivera
1866	Krystal Rodriguez
1879	Mike Myers
1880	Beyoncé Knowles
1881	Seth Green
1882	Michael York
1339	Betsy Palmer
1340	Adrienne King
1342	Jeannine Taylor
1344	Robbi Morgan
1383	Ray Milland
1384	Sam Elliott
1385	Joan Van Ark
1386	Adam Roarke
1402	Noah Hathaway
1403	Michael Moriarty
1404	Shelley Hack
1405	Jenny Beck
1421	Sal Ponti
1422	Joyce Taylor
1423	John Dall
1440	Larry B. Scott
1442	Timothy Busfield
1463	Kevin Conroy
1464	Tim Daly
1465	Xander Berkeley
1484	Catherine Zeta-Jones
1485	Jeffrey Wright
1514	Kerry Adra
1515	Maynor Alvarado
1516	Yancey Arias
1549	Vivica A. Fox
1550	Ambrosia Kelley
1551	Michael Parks
1552	James Parks
1592	Marcia Strassman
1593	Robert Oliveri
1594	Daniel Shalikar
1615	Carroll Baker
1616	James Shigeta
1617	James Yagi
1618	Tetsurô Tanba
1635	Dale Midkiff
1636	Ross Malinger
1637	Daryl Mitchell
1652	Danny Glover
1653	Jerry Reed
1654	David Marshall Grant
1671	Kaela Dobkin
1672	Raymond Serra
1673	Austin Pendleton
1674	Tony Cucci
1712	Traci Lords
1713	Matt Lasky
1714	Chacko Vadaketh
1728	Dominic Cooper
1729	Dan Stevens
1730	Jane Cussons
1731	Daphne Neville
1752	Sandra Archer
1753	Aníbal Reyna
1754	Richard Stahl
1755	Luis Alarcón
1772	Christopher Daniel Barnes
1773	Laurie Deremer
1774	Patrick DeRemer
1789	Edwige Fenech
1790	Anita Strindberg
1791	Luigi Pistilli
1792	Ivan Rassimov
1811	Gregory Itzin
1812	Hrach Titizian
1813	Lauren Cohan
1814	Johnny Asuncion
1849	James Caan
1850	Jill Eikenberry
1851	Robert Viharo
1852	Joe Grifasi
1892	Bryan Brown
1893	Joan Chen
1894	John Stanton
1370	Lili Taylor
1371	Didier Flamand
1372	Fisher Stevens
1391	Meagan Good
1392	Ne-Yo
1393	Darrin Dewitt Henson
1432	Stan Gottlieb
1433	Allen Garfield
1434	Archie Russell
1435	Ramon Gordon
1470	Humphrey Bogart
1471	Sydney Greenstreet
1472	Rose Hobart
1486	Greta Gerwig
1487	Olly Alexander
1488	Eleonore Hendricks
1489	Amy Seimetz
1539	Fred MacMurray
1540	Joan Bennett
1541	William Reynolds
1560	Johnny Weissmuller
1561	Maureen O'Sullivan
1562	John Buckler
1563	Benita Hume
1583	Robert Taylor
1584	Ian Hunter
1585	Mary Howard
1603	Don Cheadle
1604	Chiwetel Ejiofor
1605	Bruce McFee
1606	Mike Epps
1627	Jim Carrey
1628	Maura Tierney
1629	Justin Cooper
1630	Cary Elwes
1646	Calvin Lockhart
1647	John Amos
1669	Ray Liotta
1670	Roger E. Mosley
1688	Baird Stafford
1689	Sharon Smith
1690	C.J. Cooke
1691	Mik Cribben
1702	Hugh Grant
1703	Mandy Moore
1721	Doris Day
1722	Louis Jourdan
1723	Barry Sullivan
1724	Frank Lovejoy
1740	Ben Johnson
1741	Michelle Phillips
1756	Peter Mullan
1757	Louise Goodall
1758	Gary Lewis
1759	Lorraine McIntosh
1779	Mikko Neuvonen
1780	Sanni Kurkisuo
1781	Elias Gould
1782	Milja Nieminen
1800	Marie-Christine Barrault
1801	Victor Lanoux
1802	Marie-France Pisier
1803	Guy Marchand
1823	Delroy Lindo
1824	David Patrick Kelly
1825	Zelda Harris
1857	Tom Hildreth
1858	Philip Baker Hall
1341	Karl Urban
1343	Rosamund Pike
1345	Deobia Oparei
1346	Ben Daniels
1361	Gary Stretch
1362	Vinnie Jones
1363	Stephen Rea
1364	Shannyn Sossamon
1379	Evgeniya Abramova
1380	Olga Aksyonova-Kavalay
1381	Irina Arkhipova
1382	Dato Bakhtadze
1398	Aneurin Barnard
1399	James Cosmo
1400	Amy Shiels
1401	Wunmi Mosaku
1414	James Olson
1415	Catherine Schell
1416	Warren Mitchell
1417	Adrienne Corri
1456	Theresa Russell
1457	Gary Oldman
1458	Colleen Camp
1477	Lawrence Taylor
1478	Lloyd Battista
1479	Carlos Gómez
1495	Frank Sweet
1496	Sam Harris
1497	Charles Baird
1511	Richard Gere
1512	Laura Linney
1513	Alfre Woodard
1529	Joel David Moore
1530	Amara Zaragoza
1531	Deon Richmond
1532	Kane Hodder
1546	Jack Knight
1547	Dawson Dunbar
1548	Sarah Manninen
1567	Tye Olson
1568	Kyle Clare
1569	Ellie Araiza
1570	Casey Kramer
1589	Charlie Creed-Miles
1590	Will Poulter
1591	Sammy Williams
1611	Janis Amanis
1612	Inga Alsina
1613	Vilis Daudzins
1614	Marcis Manjakovs
1624	Raul Julia
1625	Sonia Braga
1626	Jonathan Winters
1645	Josh Brolin
1679	Myrna Loy
1680	Elissa Landi
1692	Vincent Price
1693	Brett Halsey
1694	David Frankham
1695	John Sutton
1719	Billy Bob Thornton
1720	Liv Tyler
1736	Meiko Kaji
1737	Rie Yokoyama
1738	Yayoi Watanabe
1739	Yôko Mihara
1760	Kenan Thompson
1761	Zachary Levi
1762	Fran Kranz
1763	Jenny McCarthy
1793	Adar Beck
1794	Gemma Chan
1795	Nathalie Cox
1796	John Lloyd Fillingham
1815	Lana Turner
1816	David Farrar
1817	Lyle Bettger
1853	Ken Takakura
1854	Tsunehiko Watase
1855	Eiji Okada
1856	Masako Natsume
1871	Patricia Clarkson
1872	Noah Emmerich
1873	Sean McCann
1888	Julie Andrews
1889	Sofia Vassilieva
1890	Kenneth Welsh
1891	Debra Monk
\.


--
-- Name: actors_id_seq; Type: SEQUENCE SET; Schema: public; Owner: postgres
--

SELECT pg_catalog.setval('actors_id_seq', 1906, true);


--
-- Data for Name: categories; Type: TABLE DATA; Schema: public; Owner: postgres
--

COPY categories (id, name) FROM stdin;
1	Comedy
6	Documentary
4	Crime
2	Drama
5	Short
3	Documentary
7	Romance
8	History
9	Musical
10	Action
11	Mystery
12	Fantasy
13	Sci-Fi
14	Horror
15	Thriller
16	Adventure
17	Western
18	Family
19	Animation
20	Film-Noir
21	Biography
22	War
23	Sport
24	Music
25	N/A
\.


--
-- Name: categories_id_seq; Type: SEQUENCE SET; Schema: public; Owner: postgres
--

SELECT pg_catalog.setval('categories_id_seq', 25, true);


--
-- Data for Name: comments; Type: TABLE DATA; Schema: public; Owner: postgres
--

COPY comments (id, content, user_id, movie_id, created_on) FROM stdin;
1	FirstCOmment	3	6	2009-02-16 20:38:40
2	Second Comment	3	6	2010-02-16 20:38:40
3	Third comment 	3	6	2009-02-16 20:38:20
5	NEW NEW	3	6	2009-02-16 20:38:43
9	aXXaaXAx	3	6	2009-02-16 20:48:40
10	vdfvdfggdf	3	6	2009-04-16 20:38:40
11	36	3	6	2009-02-16 20:38:11
12	37	3	6	2009-02-16 20:38:01
13	38	3	6	2009-02-16 20:38:04
14	39	3	6	2009-02-16 20:38:53
15	38	3	6	2009-02-15 20:38:40
16	SEHR GUTER FILM!!!!	3	337	2001-02-16 20:38:40
17	sdadadada	3	337	2017-11-30 12:23:57.135000+02
18	ssqwswq	3	337	2017-11-30 13:54:07.683000+02
\.


--
-- Name: comments_id_seq; Type: SEQUENCE SET; Schema: public; Owner: postgres
--

SELECT pg_catalog.setval('comments_id_seq', 18, true);


--
-- Data for Name: movies; Type: TABLE DATA; Schema: public; Owner: postgres
--

COPY movies (id, description, director, duration, imdb_rating, language, name, poster, studio, trailer_url, year, rating) FROM stdin;
6	A dishonest insurance salesman's life quickly disintegrates during a Wisconsin winter when he teams up with a psychopath to steal a rare violin at the home of a reclusive farmer.	Jill Sprecher	93	6.2	English	Thin Ice	https://images-na.ssl-images-amazon.com/images/M/MV5BOTExNDMxMzAyOV5BMl5BanBnXkFtZTcwNjQ1OTIyNw@@._V1_SX300.jpg	ATO Pictures	tTnQzbD-VwM	2011	7.6
9	A slacker hatches a million-dollar idea. But, in order to see it through, he has to learn to trust his attractive corporate counterpart. Based on Max Barry's novel.	Aram Rappaport	90	5.7	English	Syrup	https://images-na.ssl-images-amazon.com/images/M/MV5BMjA3NzYzMDI1MF5BMl5BanBnXkFtZTcwMDE1NTI0OQ@@._V1_SX300.jpg	Magnolia Pictures	H6GCDAcvuCs	2013	7.2
10	Musa Rami, who has become a legend with his struggle against the mafia, is a police officer at homicide division. One day prior to celebrating his 63rd birthday, with a surprise party ...	Onur Ünlü	113	6.6	Turkish	Police	https://images-na.ssl-images-amazon.com/images/M/MV5BNjllMmEyOGEtMWFjYi00NDY5LWE0NWUtMmFmM2E5NzRhNDhmXkEyXkFqcGdeQXVyMjExNjgyMTc@._V1_SX300.jpg	N/A	QNyGMX37h7g	2007	0.6
13	A young woman who works at cosmetic company becomes the prime suspect after her beautiful co-worker is murdered.	Yoshihiro Nakamura	126	7.1	Japanese	The Snow White Murder Case	https://images-na.ssl-images-amazon.com/images/M/MV5BMzVmMzIxN2ItYTljNy00MTIwLWE5NTQtMjMxNmJlMDFjYzFmXkEyXkFqcGdeQXVyNTI4ODg2Mjc@._V1_SX300.jpg	N/A	JhJctheblzs	2014	9.9
15	The monstrous Ro-Man attempts to annihilate the last family alive on Earth, but finds himself falling for their beautiful daughter.	Phil Tucker	66	2.9	English	Robot Monster	https://images-na.ssl-images-amazon.com/images/M/MV5BMzg0OTM5Mzg3NF5BMl5BanBnXkFtZTgwNjY3MDQ1MjE@._V1_SX300.jpg	Astor Pictures Corporation	cq9IKsH9BXg	1953	7.7
17	The Hughes cottage vacation is violently interrupted by a family on a murderous and identity stealing journey, in search of the "perfect" life.	Jeremy Power Regimbal	97	5.3	English	In Their Skin	https://images-na.ssl-images-amazon.com/images/M/MV5BMTU3ODczMTcwMF5BMl5BanBnXkFtZTcwMzg1MTA3OA@@._V1_SX300.jpg	IFC Midnight	KRAW6jKKC8k	2012	8.6
18	A teenage hustler and a young man obsessed with alien abductions cross paths, together discovering a horrible, liberating truth.	Gregg Araki	105	7.7	English	Mysterious Skin	https://images-na.ssl-images-amazon.com/images/M/MV5BMTgxMjQ4NzE5OF5BMl5BanBnXkFtZTcwNzkwOTkyMQ@@._V1_SX300.jpg	Tartan Films/TLA Releasing	5Lp5v4oQZRw	2004	5.1
19	A twist on the Snow White fairy tale that is set in 1920s Seville and centered on a female bullfighter.	Pablo Berger	104	7.5	Spanish	Snow White	https://images-na.ssl-images-amazon.com/images/M/MV5BMjIyNjY2MTgxMF5BMl5BanBnXkFtZTcwODg2Njk1OA@@._V1_SX300.jpg	Cohen Media Group	mXxT9h78OkE	2012	5.5
20	In this adaptation of Shakespeare's King Lear, self-made ranch tycoon John Lear divides his holdings among his daughters but finds that once they have his property, they reject him.	Uli Edel	95	6.5	English	King of Texas	https://images-na.ssl-images-amazon.com/images/M/MV5BMTU5MTE2ODMwNV5BMl5BanBnXkFtZTcwMDg0NDIyMQ@@._V1_SX300.jpg	Flying Freehold Productions	HalJbU1Tb6k	2002	1.2
21	Recently out of jail and completely broke, Julian has a plan to get outrageously rich. However, he first has to deliver his product to Montreal where his rival Cyrus is waiting to close the...	Mike Clattenburg	95	7.4	English	Trailer Park Boys: Don't Legalize It	https://images-na.ssl-images-amazon.com/images/M/MV5BMTQzNTIwOTc2OF5BMl5BanBnXkFtZTgwMDAxMzM1MjE@._V1_SX300.jpg	Screen Media Films	VFjTPdhd3Tc	2014	7.6
22	In Dark Ages Britain, a group of young Saxons are captured by a clan of fearsome Viking warriors and used as prey in a ritualistic manhunt.	Antony Smith	93	3.4	English	Viking: The Berserkers	https://images-na.ssl-images-amazon.com/images/M/MV5BNzMzMDIyODgwMl5BMl5BanBnXkFtZTgwNTk2ODY4MjE@._V1_SX300.jpg	N/A	9e_LAJWyTMQ	2014	6.5
24	Over one night in New York City, lives of disparate strangers intersect by fate and circumstance.	Joe Maggio	90	6.5	English	Milk and Honey	http://ia.media-imdb.com/images/M/MV5BMjExOTcxNTEzOV5BMl5BanBnXkFtZTcwMDk4NjgyMQ@@._V1_SX300.jpg	N/A	3we4SBqXQPo	2003	0.6
23	Sworn enemies find themselves in each other's bodies, and use this to ruin each other's lives.	Nick Hurran	95	6.3	English	It's a Boy Girl Thing	https://images-na.ssl-images-amazon.com/images/M/MV5BMTI4NDg0NTE2N15BMl5BanBnXkFtZTcwODUwODc0MQ@@._V1_SX300.jpg	Anchor Bay Entertainment	6wnYAoqVBnI	2006	7.5
28	An air marshal springs into action during a transatlantic flight after receiving a series of text messages demanding $150 million into an off-shore account, or someone will die every 20 minutes.	Jaume Collet-Serra	106	7.0	English, German	Non-Stop	https://images-na.ssl-images-amazon.com/images/M/MV5BOTI3NzcxMjkzMl5BMl5BanBnXkFtZTgwMDY0NTQ0MDE@._V1_SX300.jpg	Universal Pictures	jiHDJ19A3dk	2014	4.8
34	Tasked with destroying each other, an FBI agent and a rogue DIA agent soon discover that there's a much bigger enemy at work.	Wych Kaosayananda	91	3.6	English	Ballistic: Ecks vs. Sever	https://images-na.ssl-images-amazon.com/images/M/MV5BMTkwMDk0OTcyMF5BMl5BanBnXkFtZTYwNzcxMDg5._V1_SX300.jpg	Warner Bros. Pictures	Tme_SdRv2gk	2002	7.1
41	The life and career of Andre Stander, a South African police officer turned bank robber.	Bronwen Hughes	111	7.2	English, Afrikaans, Zulu	Stander	https://images-na.ssl-images-amazon.com/images/M/MV5BMTU4MTgyMDcwMV5BMl5BanBnXkFtZTcwNjA0NTYyMQ@@._V1_SX300.jpg	Newmarket Films	XrHtEbTr78s	2003	5.1
47	The bizarre and musical tale of a girl who travels to another dimension through the gateway found in her family's basement.	Richard Elfman	74	6.9	English, French, German	Forbidden Zone	https://images-na.ssl-images-amazon.com/images/M/MV5BNjg2NjYwODE4N15BMl5BanBnXkFtZTYwMTM1ODA3._V1_SX300.jpg	Samuel Goldwyn Company	QBDqd7rHhLg	1980	8.7
55	The Stranger (Colin Baker) arrives on Earth with no memory of who he is or why he's there. However, two men on a secret mission seem to know his identity and the owner of a local bar/club ...	Bill Baggs	50	6.6	English	The Stranger: The Terror Game	N/A	N/A	Swdjj9OTHcA	1994	7.0
68	There is an author who has been dumped by his girlfriend and has no inspiration for a next novel. In an attempt to find a solution to both crises, he, along with his publisher friend, ...	Christian Vincent	94	7.0	French	La discrète	https://images-na.ssl-images-amazon.com/images/M/MV5BOTM1ZGM0NDEtNmZkMy00NDMzLWJlNmQtNDQzNDRhYmExYjIzXkEyXkFqcGdeQXVyNTY1MDY1NjY@._V1_SX300.jpg	Productions Lazennec	A9G6rKiHn58	1990	3.2
74	Londoner Adam Jones is stuck in a dead end job; lives alone with his cat and spends his free time obsessing over the latest conspiracy theories on the Internet. Taking an experimental drug ...	James Erskine, Danny McCullough	86	5.8	English	EMR	https://images-na.ssl-images-amazon.com/images/M/MV5BMTk2MjcyMTk1OV5BMl5BanBnXkFtZTcwMzMxNjAzMQ@@._V1_SX300.jpg	Shiny Object Digital Video, Inc.	loBAqleP-Ys	2004	9.7
79	Deeply ensconced in a top-secret military program, three pilots struggle to bring an artificial intelligence program under control before it initiates the next world war.	Rob Cohen	121	5.0	English, Korean, Russian, Spanish	Stealth	https://images-na.ssl-images-amazon.com/images/M/MV5BNzMzNTY0NTYwOV5BMl5BanBnXkFtZTcwMTExNjgyMQ@@._V1_SX300.jpg	Columbia Pictures	goPki_V34xA	2005	6.6
85	Scott Warrington and his hired detective, Larry Adams, arrive at an old mansion in the middle of a Louisiana swamp to meet his brother-in-law, Dr. Max von Altermann shortly after the death ...	Steve Sekely	61	4.6	English	Revenge of the Zombies	https://images-na.ssl-images-amazon.com/images/M/MV5BMTkzNzYxMTIzOF5BMl5BanBnXkFtZTcwMjgxMTM4NA@@._V1_SX300.jpg	Monogram	EC6rTqE83gM	1943	4.5
91	Young babysitter Amanda arrives at the Lloyd residence to spend the evening looking after their young son. Soon after the Lloyds leave, a series of frightening occurrences in the gloomy old...	Peter Collinson	87	5.8	English	Fright	https://images-na.ssl-images-amazon.com/images/M/MV5BMjhhMTczOGMtOWRhMi00OWRlLTg1MDktODMyYmZkOTdmNDNiXkEyXkFqcGdeQXVyNzc5MjA3OA@@._V1_SX300.jpg	N/A	6enhzzeK6l0	1971	3.7
97	Bored in her marriage to a country doctor and stifled by life in a small town, the restless Emma Bovary pursues her dreams of passion and excitement, whatever they may cost.	Sophie Barthes	118	5.7	English, French, Latin	Madame Bovary	https://images-na.ssl-images-amazon.com/images/M/MV5BOTcwNjMzMTU0NV5BMl5BanBnXkFtZTgwMzQ0MjUyNDE@._V1_SX300.jpg	Alchemy	La-clCmfWGo	2014	9.9
103	When their transfer bus crashes in a West Virginia forest, a group of convicts and a corrections officer meet a rafter who is on the run from cannibalistic hillbillies who have murdered her friends.	Declan O'Brien	92	4.6	English	Wrong Turn 3: Left for Dead	https://images-na.ssl-images-amazon.com/images/M/MV5BMGEzNGFlYjUtYjRhYy00ZWI5LWI0N2ItMGY3ZThhZTAwZjY2L2ltYWdlXkEyXkFqcGdeQXVyMTQxNzMzNDI@._V1_SX300.jpg	Fox Home Entertainment	yYAyDmOjZi0	2009	7.4
109	Allison, the new guardian to the ancient manuscript, continues to try to protect it from another group of renegade angels bent on bringing on the end of the world.	Joel Soisson	75	4.6	English, Romanian	The Prophecy: Forsaken	https://images-na.ssl-images-amazon.com/images/M/MV5BMTg0NjUwNDk1MV5BMl5BanBnXkFtZTcwOTY5MTAzMQ@@._V1_SX300.jpg	Miramax	4ep9m0CMdVM	2005	3.6
119	Four British villains raid a settlement to obtain explosives for use in a diamond mine. In doing so they nearly destroy the settlement, so and Tarzan pursues them to their mine.	John Guillermin	88	6.6	English	Tarzan's Greatest Adventure	https://images-na.ssl-images-amazon.com/images/M/MV5BZDgwNzk2NGYtYzZjNC00YTBjLWEyOTEtYTIyNTA2OGM5NmJhXkEyXkFqcGdeQXVyNzA4ODc3ODU@._V1_SX300.jpg	Paramount Pictures	HY-tkX_Db3Y	1959	5.0
124	The life of a boy in the streets of Sao Paulo, involved with little crimes, prostitution, etc	Hector Babenco	128	8.0	Portuguese	Pixote	https://images-na.ssl-images-amazon.com/images/M/MV5BMTYxMzcyNTM1M15BMl5BanBnXkFtZTcwODg2NzMyMQ@@._V1_SX300.jpg	Unifilms	Wog5hc-dXY8	1981	1.7
135	A pair of former brothers-in-law embark on a road trip through Iceland.	Aaron Katz, Martha Stephens	95	5.9	English	Land Ho!	https://images-na.ssl-images-amazon.com/images/M/MV5BNzA3MDk0NTAzMF5BMl5BanBnXkFtZTgwNDYzMjM4MTE@._V1_SX300.jpg	Sony Pictures Classics	VOrALE_pBxU	2014	1.3
25	As youths in Azusa, Vinnie, Carter, and Rosie pull off a racing scam, substituting winners for plodders and winning big bucks on long odds. When an official uncovers the scam, they set him ...	Matthew Warchus	106	4.5	English	Simpatico	https://images-na.ssl-images-amazon.com/images/M/MV5BMTI4NjUwNTk3MF5BMl5BanBnXkFtZTcwOTAwMDAyMQ@@._V1_SX300.jpg	New Line Home Entertainment	UgH1O6Yu8RM	1999	6.8
31	A Disney animated version of "Treasure Island". The only difference is that the film is set in outer space with alien worlds and other galactic wonders.	Ron Clements, John Musker	95	7.1	English	Treasure Planet	https://images-na.ssl-images-amazon.com/images/M/MV5BMTQ0NDg3MjU2OV5BMl5BanBnXkFtZTYwODgyMDg5._V1_SX300.jpg	Buena Vista Distribution Compa	DJNT7C61NrE	2002	4.1
49	A TV program selects people at random to kill one another for fame and their freedom.	Daniel Minahan	86	6.6	English	Series 7: The Contenders	https://images-na.ssl-images-amazon.com/images/M/MV5BMTg1NzU4MjUwMl5BMl5BanBnXkFtZTYwNTUwMTc4._V1_SX300.jpg	USA Films	oKM5Qq-ZuLM	2001	6.5
57	A young man recently released from prison recruits his three best friends to rob the local drug kingpin who is responsible for his incarceration. Can he get revenge and win back his fed-up girlfriend?	Rowan Athale	108	6.6	English	Wasteland	https://images-na.ssl-images-amazon.com/images/M/MV5BMjE2ODYyNDM5OV5BMl5BanBnXkFtZTcwNDMyODk3OQ@@._V1_SX300.jpg	Oscilloscope Pictures	tgLs8yDIp78	2012	1.9
62	In a twist to the fairy tale, the Huntsman ordered to take Snow White into the woods to be killed winds up becoming her protector and mentor in a quest to vanquish the Evil Queen.	Rupert Sanders	127	6.1	English	Snow White and the Huntsman	https://images-na.ssl-images-amazon.com/images/M/MV5BMTQ1NDA0MTk5OV5BMl5BanBnXkFtZTcwMTM4NDMwNw@@._V1_SX300.jpg	Universal Pictures	F9cBVm9gtKU	2012	5.4
69	Mexican rebel Pancho Villa lead a revolution helped by an American aviator imprisonned in Mexico.	Buzz Kulik	125	6.5	English	Villa Rides	https://images-na.ssl-images-amazon.com/images/M/MV5BMmRkMjJmNDMtNGU0Ny00ODlkLWFmZDMtY2MwYzAzMGVmNmEyXkEyXkFqcGdeQXVyMzU4Nzk4MDI@._V1_SX300.jpg	Paramount Pictures	l7MI-_i8rQE	1968	6.9
75	In Paris, Ariane and Lena are sisters. Ariane writes photo novellas for the magazine "Toi et Moi." She's emotional and her long-time boyfriend, Farid, has her in a state because he won't ...	Julie Lopes-Curval	90	5.6	French, English, Spanish	Toi et moi	https://images-na.ssl-images-amazon.com/images/M/MV5BMTExMDM0MTA1ODVeQTJeQWpwZ15BbWU3MDU4MzI3OTI@._V1_SX300.jpg	Koch Lorber Films	w1aafzls_6E	2006	3.1
92	Two elderly gangsters are released from prison only to find they have trouble fitting in as old men who still take no guff from anyone.	Jeff Kanew	104	6.2	English	Tough Guys	https://images-na.ssl-images-amazon.com/images/M/MV5BODkwZjY3YTMtZjgzNS00ZWI5LWIxYTUtMjRiNWFjYWM1NTJlXkEyXkFqcGdeQXVyMjA0MDQ0Mjc@._V1_SX300.jpg	Touchstone Pictures	7jW6nvuRk1c	1986	1.9
98	Donna witnesses identical murders on the same street on different days. Is this a supernatural conspiracy or is she merely cracking up?	Adrienne Shelly	80	6.5	English	Sudden Manhattan	https://images-na.ssl-images-amazon.com/images/M/MV5BMTM5OTE0NDMyOF5BMl5BanBnXkFtZTcwMjcxMTYxMQ@@._V1_SX300.jpg	Vanguard	ss2eIniS7gU	1996	4.1
110	A filmmaker who's Chinese, 22, and gay talks about his work and love life with an unseen friend behind the camera. We also watch four of his short films. "Hysterio Passio" conjures images ...	Quentin Lee	80	4.7	English	Flow	https://images-na.ssl-images-amazon.com/images/M/MV5BMTIxODg3NTU2M15BMl5BanBnXkFtZTcwMjg5MjIyMQ@@._V1_SX300.jpg	N/A	PW1KWmZYKq0	1996	1.0
114	Steven Shorter is the ultimate British music star. His music is listened to by everyone from pre-teens to grandparents. He has no trace of public bad habits or drug involvement. Everyone in...	Peter Watkins	103	7.1	English	Privilege	https://images-na.ssl-images-amazon.com/images/M/MV5BOWJiMmE5MDEtMGU2NS00YmZjLWIyZTgtZGU1MTQ5NzlkY2Q4XkEyXkFqcGdeQXVyMjI4MjA5MzA@._V1_SX300.jpg	Universal Pictures	v_dZEky0KAw	1967	1.0
122	Chaos ensues when a man tries to expose a dark secret regarding a recently deceased patriarch of a dysfunctional British family.	Frank Oz	87	7.4	English	Death at a Funeral	https://images-na.ssl-images-amazon.com/images/M/MV5BMjE4OTIyNTM1MF5BMl5BanBnXkFtZTcwMjUzNTg0MQ@@._V1_SX300.jpg	N/A	LkbR3nQqcrk	2007	4.4
128	A district attorney investigates the racially charged case of three teenagers accused of the murder of a blind Puerto Rican boy. He begins to discover that the facts in the case aren't ...	John Frankenheimer	103	6.9	English, Italian, Spanish	The Young Savages	https://images-na.ssl-images-amazon.com/images/M/MV5BZjA5MTc2NWQtMTFkYi00Zjc2LTg3NTQtM2MyM2U5Y2I3NzJkXkEyXkFqcGdeQXVyNjc1NTYyMjg@._V1_SX300.jpg	United Artists	X4ylIZJ8XyI	1961	5.5
140	An impoverished village school-teacher's problems mount after winning a car.	Bela Negi	115	6.0	Hindi	Daayen Ya Baayen	https://images-na.ssl-images-amazon.com/images/M/MV5BNTYxZDBjN2UtYTcwZS00YTQ5LWFjMjgtZWNkYTc2ZDc5YWMyXkEyXkFqcGdeQXVyNDUzOTQ5MjY@._V1_SX300.jpg	N/A	axs0t9Qq9lg	2010	5.1
26	The parents of a girl who was killed by a savage dog are granted the opportunity to spend three days with their deceased daughter.	David Keating	90	5.5	English	Wake Wood	https://images-na.ssl-images-amazon.com/images/M/MV5BMjEwODg5NDA4NF5BMl5BanBnXkFtZTcwMTM4NzQ5NA@@._V1_SX300.jpg	MPI Media Group	NSBKbpK8hQo	2009	8.1
32	The same situation is played out in different cities (New York, Berlin and Tokyo). A lover has to choose whether to commit to a partner who is returning home. In each case there are other ...	Hal Hartley	85	6.3	English, Japanese, German	Flirt	https://images-na.ssl-images-amazon.com/images/M/MV5BMTdiYjAyZWUtNWRkYy00Y2QxLWIxODQtNmU4ZTZkZTgzYzExXkEyXkFqcGdeQXVyNDkzNTM2ODg@._V1_SX300.jpg	New Video Group	DIxljQTadOE	1995	9.8
43	The savage murders of three young children sparks a controversial trial of three teenagers accused of killing the kids as part of a satanic ritual.	Atom Egoyan	114	6.1	English	Devil's Knot	https://images-na.ssl-images-amazon.com/images/M/MV5BMjI2NzE3NTU1NF5BMl5BanBnXkFtZTgwNDAyMTkzMTE@._V1_SX300.jpg	RLJ/Image Entertainment	lLG_RokHHRI	2013	0.5
50	A con artist uses Kung Fu to swindle villagers for money by pretending to be possessed by angry gods. However, when the villagers are later threatened by bandits he must use the same skills for good.	Chia-Liang Liu	98	7.0	Mandarin	The Spiritual Boxer	https://images-na.ssl-images-amazon.com/images/M/MV5BNDY3ZDkwMmQtN2U4NC00NjRmLWFjYzUtNWFjZWM3ZDEyMTBmXkEyXkFqcGdeQXVyNzc5MjA3OA@@._V1_SX300.jpg	N/A	h6Tgpa7y_Zg	1975	9.3
54	A lawyer defends her father accused of war crimes, but there is more to the case than she suspects.	Costa-Gavras	124	7.4	English, Hungarian	Music Box	https://images-na.ssl-images-amazon.com/images/M/MV5BNTg0MTQ4MDA2NF5BMl5BanBnXkFtZTcwNjQ2MzIyMQ@@._V1_SX300.jpg	TriStar Pictures	qcfMaMnr81E	1989	0.6
60	A gifted teenager, dreaming of life beyond her small town, becomes inspired when a 15-year-old girl from New York moves in next door.	Allan Moyle	97	7.0	English	New Waterford Girl	https://images-na.ssl-images-amazon.com/images/M/MV5BNTY3OTE3MTg1Nl5BMl5BanBnXkFtZTcwODM4NDEzMQ@@._V1_SX300.jpg	Wellspring Media Inc.	AVYqHrnJIyc	1999	3.7
66	On his one thousandth birthday, an evil leprechaun selects the descendant of one of his slaves to have as his bride, leaving it up to the girl's boyfriend to save her.	Rodman Flender	85	4.4	English	Leprechaun 2	https://images-na.ssl-images-amazon.com/images/M/MV5BYWIyZjQ3NmEtZTE1Ni00YjkyLThiOTEtNTYzYTRlNDViMjJmXkEyXkFqcGdeQXVyMTQxNzMzNDI@._V1_SX300.jpg	Trimark	pICyIt7o4Mk	1994	3.6
72	HOW ABOUT YOU tells the story of Ellie, a young woman left in charge of the residential home run by her older sister, over the Christmas period. Whilst most of the residents have left to ...	Anthony Byrne	87	6.9	English	How About You...	https://images-na.ssl-images-amazon.com/images/M/MV5BMTc2NjI2MjgwMl5BMl5BanBnXkFtZTcwMjMyNTY1Mw@@._V1_SX300.jpg	Strand Releasing	tME-M6ksfIQ	2007	7.3
87	A shy, young man, who is completely incapable of talking to women, decides to write a book that details to other bachelors how to find a girlfriend.	Fred C. Newmeyer, Sam Taylor	87	8.0	English	Girl Shy	https://images-na.ssl-images-amazon.com/images/M/MV5BMTc0ODUwNjY3MV5BMl5BanBnXkFtZTgwMTIzODYwMjE@._V1_SX300.jpg	Pathé Exchange	MsB1VGu5Lls	1924	9.8
93	During the Korean War, Italian nurse Virna Lisi falls in love with two American fliers, Tony Curtis and George C. Scott. Lisi marries Curtis after he convinces her that Scott has been ...	Norman Panama	119	6.1	English	Not with My Wife, You Don't!	https://images-na.ssl-images-amazon.com/images/M/MV5BMTgwNTc1MTM1MV5BMl5BanBnXkFtZTcwOTkzMjMzMQ@@._V1_SX300.jpg	N/A	xhfpZCeZzdU	1966	3.8
100	At her new job in a rundown children's hospital, a nurse desperately tries to keep her patients safe from a plague of random, mysterious attacks.	Jaume Balagueró	101	6.1	English	Fragile	https://images-na.ssl-images-amazon.com/images/M/MV5BMDA0ZmIzMTctNDE5Mi00M2UzLTk3YjgtZDJkNzk3NWMxMGYxXkEyXkFqcGdeQXVyMTA0MjU0Ng@@._V1_SX300.jpg	MGM	13XbdeQ0B0g	2005	6.4
126	South African journalist Donald Woods is forced to flee the country, after attempting to investigate the death in custody of his friend, the black activist Steve Biko.	Richard Attenborough	157	7.5	English	Cry Freedom	https://images-na.ssl-images-amazon.com/images/M/MV5BMzc2NjI1NjExMF5BMl5BanBnXkFtZTgwODg1MjU3MDE@._V1_SX300.jpg	MCA Universal Home Video	iq4VjE0_AVQ	1987	9.6
132	A woman and her daughter emigrate from Mexico for a better life in America, where they start working for a family where the patriarch is a newly celebrated chef with an insecure wife.	James L. Brooks	131	6.4	English, Spanish	Spanglish	https://images-na.ssl-images-amazon.com/images/M/MV5BMTgyMzc0MjgyOV5BMl5BanBnXkFtZTYwNTgxOTk2._V1_SX300.jpg	Sony Pictures Entertainment	HXkSBXrdDxs	2004	6.9
152	When your memory lies, how do you find the truth?	Thomas Verrette	88	2.9	English	Implanted	https://images-na.ssl-images-amazon.com/images/M/MV5BMjExNzMwMjUxMF5BMl5BanBnXkFtZTcwNzMwMDA5OQ@@._V1_SX300.jpg	Walking Shadows Films	HblkKJ9LqvE	2013	8.8
27	Thirteen year-old city brat Ben (Brandon Tyler Russell) has done it again... and his struggling, single mother (Mira Sorvino) has had enough of him getting into mischief. Now, Ben has to ...	David Mickey Evans	94	5.3	English	Smitty	https://images-na.ssl-images-amazon.com/images/M/MV5BNzY1NDI5NDQwNF5BMl5BanBnXkFtZTgwMzExNDA2MDE@._V1_SX300.jpg	Phase 4 Films	4M3WPnRo1Cw	2012	0.7
33	Martin works at the local radio station, which just hired a new scriptwriter with a reputation for great drama, Pedro Carmichael. Martin's aunt Julia, not related by blood, returns home ...	Jon Amiel	107	6.2	English	Tune in Tomorrow...	https://images-na.ssl-images-amazon.com/images/M/MV5BMTYxMzQyNTg3NF5BMl5BanBnXkFtZTcwNDAyNjIyMQ@@._V1_SX300.jpg	20th Century Fox	MSAWCXT_fxg	1990	9.3
39	A tale of friendship between two unlikely pen pals: Mary, a lonely, eight-year-old girl living in the suburbs of Melbourne, and Max, a forty-four-year old, severely obese man living in New York.	Adam Elliot	92	8.2	English, Yiddish	Mary and Max	https://images-na.ssl-images-amazon.com/images/M/MV5BMDgzYjQwMDMtNGUzYi00MTRmLWIyMGMtNjE1OGZkNzY2YWIzL2ltYWdlXkEyXkFqcGdeQXVyNjU0OTQ0OTY@._V1_SX300.jpg	IFC Films	MgRjB8PEDkM	2009	8.8
45	A young successful Hollywood man is pushed to an emotional limit after his girlfriend is publicly caught in her philandering ways and murder appears to be the only option to his sanctity.	William Henson III	15	0.0	English	Cloak	http://ia.media-imdb.com/images/M/MV5BMTYyMzUzNzYzMF5BMl5BanBnXkFtZTcwOTI2ODg5Nw@@._V1_SX300.jpg	N/A	E5hrFVQiGyk	2010	2.9
56	In the throes of a quarter-life crisis, Megan panics when her boyfriend proposes, then, taking an opportunity to escape for a week, hides out in the home of her new friend, 16-year-old Annika, who lives with her world-weary single dad.	Lynn Shelton	99	6.4	English	Laggies	https://images-na.ssl-images-amazon.com/images/M/MV5BMTY5NjU0MTQwMl5BMl5BanBnXkFtZTgwMjYxMTU0MjE@._V1_SX300.jpg	A24 Films	xep7s36qZL0	2014	1.7
63	Dean is a maverick American film director surprised that his most recent film has been chosen as the Official U.S. Entry at the Venice Film Festival. A beautiful French journalist arrives ...	Henry Jaglom	108	6.3	English	Venice/Venice	https://images-na.ssl-images-amazon.com/images/M/MV5BMTY3OTE5ODA0NV5BMl5BanBnXkFtZTcwNDE2NDMyMQ@@._V1_SX300.jpg	New Video Group	VWV4rxyA-70	1992	9.9
76	After Davey's father is killed in a hold-up, she and her mother and younger brother visit relatives in New Mexico. Here Davey is befriended by a young man who helps her find the strength to carry on and conquer her fears.	Lawrence Blume	92	6.4	English	Tiger Eyes	https://images-na.ssl-images-amazon.com/images/M/MV5BMTQ5NDg2ODkyMF5BMl5BanBnXkFtZTcwNTEwNjM0OQ@@._V1_SX300.jpg	Freestyle Releasing	wdqMpHvlA7s	2012	3.4
83	Set in 19th Century Canada, Brigette and her sister Ginger take refuge in a Traders' Fort which later becomes under siege by some savage werewolves.	Grant Harvey	94	5.9	English, Cree	Ginger Snaps Back: The Beginning	https://images-na.ssl-images-amazon.com/images/M/MV5BMTg1NTg3OTI4N15BMl5BanBnXkFtZTcwNDAxNDYwNQ@@._V1_SX300.jpg	Lions Gate	oqrYpeBBYFU	2004	0.9
88	The story of the 1973 hockey season when aging legend Gordie Howe returned to the ice at the age of 44.	Andy Mikita	87	6.9	English	Mr. Hockey: The Gordie Howe Story	https://images-na.ssl-images-amazon.com/images/M/MV5BMTY1NzkwNDc5MV5BMl5BanBnXkFtZTgwMTg0MTA2MDE@._V1_SX300.jpg	Brightlight Pictures	hGORSXpmhRI	2013	6.6
96	The invasion of Mexico by Cortez, as seen by a young Spanish officer fleeing the Inquisition.	Henry King	140	7.0	English, Nahuatl	Captain from Castile	https://images-na.ssl-images-amazon.com/images/M/MV5BYjgyYzM5NGUtMWQ1OS00MmUzLWIxNGUtNzMyOWYwMDFmMTkxL2ltYWdlL2ltYWdlXkEyXkFqcGdeQXVyNjQzNDI3NzY@._V1_SX300.jpg	Twentieth Century Fox	VB62g7-H8Kc	1947	8.8
102	Amidst a sea of litigation, two New York City divorce lawyers find love.	Peter Howitt	90	5.9	English	Laws of Attraction	https://images-na.ssl-images-amazon.com/images/M/MV5BMjEzODg4MjM1NF5BMl5BanBnXkFtZTYwNzQzNTI3._V1_SX300.jpg	New Line Cinema	ok3grGQRaSc	2004	9.1
106	Jarle Klepp from "The Man Who Loved Yngve" is now a student on 25, loving women, indie rock and deconstruction. Then he gets a letter telling him he's a father, after a drunken one night stand with a 15 year old, 7 years ago, back in 1989.	Stian Kristiansen	90	6.5	Norwegian, English, German	I Travel Alone	https://images-na.ssl-images-amazon.com/images/M/MV5BMTc5ODkzNzQxMV5BMl5BanBnXkFtZTgwNDExNjAzMTE@._V1_SX300.jpg	Motlys	qx2WgNCJ5Vc	2011	1.3
112	A childless housewife falls in love with a beautiful model.	Yasuzô Masumura	91	7.1	Japanese	Swastika	https://images-na.ssl-images-amazon.com/images/M/MV5BMjE4ODE1Mzk5MF5BMl5BanBnXkFtZTcwMTQ1OTgxMQ@@._V1_SX300.jpg	N/A	qwdy5nLHPyw	1964	6.0
117	An altruistic department-store owner hires ex-convicts in order to give them a second chance at life. Unfortunately, one of the convicts he hires recruits two of his fellow ex-convicts in a plan to rob the store.	Fritz Lang	94	7.0	English	You and Me	https://images-na.ssl-images-amazon.com/images/M/MV5BYmZiMTAzOTAtM2Q4OC00MmNiLTljZWEtNDU5OGUzZWQ5MDNhXkEyXkFqcGdeQXVyNjc1NTYyMjg@._V1_SX300.jpg	Paramount Pictures	Eh993__rOxA	1938	10.0
125	A chronicle of the sordid life and suspicious death of Rolling Stones co-founder Brian Jones, who was found in the bottom of his swimming pool weeks after being let go from the band.	Stephen Woolley	102	5.8	English	Stoned	https://images-na.ssl-images-amazon.com/images/M/MV5BMTM1NzM1Njg3MV5BMl5BanBnXkFtZTcwOTE2ODMzMQ@@._V1_SX300.jpg	Screen Media Films	_PYegkvibro	2005	7.4
131	A lawyer whose brother was murdered winds up getting involved with gangsters and the world of porno movies.	George Armitage	90	5.8	English	Hit Man	https://images-na.ssl-images-amazon.com/images/M/MV5BZDgwY2NiOWEtYzYxOS00ODk4LWJkMTEtMjNiMWUzNWFmMTVjL2ltYWdlL2ltYWdlXkEyXkFqcGdeQXVyNzc5MjA3OA@@._V1_SX300.jpg	Unknown	alQlJDRnQkE	1972	2.0
143	At the bottom of the ocean, the DeepStar Six has just discovered a new and deadly alien menace.	Sean S. Cunningham	99	5.2	English	DeepStar Six	https://images-na.ssl-images-amazon.com/images/M/MV5BNjEyMDJhMTYtM2FjMC00NDNiLWFmYzgtOGExZjBiNmMyZDU4XkEyXkFqcGdeQXVyNzc5MjA3OA@@._V1_SX300.jpg	Carolco Pictures	pouTM3jqZCM	1989	5.0
35	Ambulance driver Frank Jessup is ensnared in the schemes of the sensuous but dangerous Diane Tremayne.	Otto Preminger	91	7.3	English, Japanese	Angel Face	https://images-na.ssl-images-amazon.com/images/M/MV5BODk3NDIyMmItNTIwMC00ZjA1LWE5ODQtZDhhZGZjMGI2YzFmXkEyXkFqcGdeQXVyNjc1NTYyMjg@._V1_SX300.jpg	RKO Radio Pictures	rBo5WvyBBl4	1953	9.3
40	A comedy about a New York City couple (Schreiber and Hunt) in romantic and family crises.	Richard Levine	93	5.7	English	Every Day	https://images-na.ssl-images-amazon.com/images/M/MV5BMTkzMjE1MjEyOF5BMl5BanBnXkFtZTcwMjk3MjAzNA@@._V1_SX300.jpg	Image Entertainment	uE9yc_Az364	2010	8.4
58	Centers around four older ladies from the Emmental region. When four older women decide to turn the local corner shop into a chic lingerie store, the whole community is thrown into disarray.	Bettina Oberli	90	7.1	Swiss German, German	Late Bloomers	https://images-na.ssl-images-amazon.com/images/M/MV5BNzYzZjEyODMtODUxYi00OTlkLWE5YWEtYTRlNDhhMzNlOGRjL2ltYWdlL2ltYWdlXkEyXkFqcGdeQXVyMzA3Njg4MzY@._V1_SX300.jpg	N/A	mZ0duALKaeQ	2006	2.9
61	A group of American boys and a shipwrecked Russian sailor become friends in the midst of the Cold War.	Rick Rosenthal	99	5.6	English	Russkies	https://images-na.ssl-images-amazon.com/images/M/MV5BMTQzMzY4ODMyM15BMl5BanBnXkFtZTcwNDExMzgzMQ@@._V1_SX300.jpg	Lorimar Home Video	AhGe8z7IU7I	1987	7.0
67	A group of people who feel betrayed by their government and let down by their police force form a modern-day outlaw posse in order to right what they see as the wrongs of society.	Nick Love	103	5.8	English	Outlaw	https://images-na.ssl-images-amazon.com/images/M/MV5BMTI1ODA1OTI1MF5BMl5BanBnXkFtZTcwMTE5NTU0MQ@@._V1_SX300.jpg	N/A	jVp6hXYJ-UM	2007	9.0
73	A Seattle detective and a biologist are on the run from a dangerous invisible assassin gone rogue.	Claudio Fäh	91	4.4	English	Hollow Man II	https://images-na.ssl-images-amazon.com/images/M/MV5BMTcxNzEyMTIzMV5BMl5BanBnXkFtZTgwMDAzNjAwNzE@._V1_SX300.jpg	Sony Pictures Home Entertainment	fXmZFRSYHOE	2006	9.4
84	With his boss in the madhouse, a mobster is temporary boss of the criminal empire just as vicious rivals threaten the control of the empire.	Larry Bishop	93	5.5	English	Mad Dog Time	https://images-na.ssl-images-amazon.com/images/M/MV5BMTY3NzU0MDc5OV5BMl5BanBnXkFtZTcwNjgxMjA0MQ@@._V1_SX300.jpg	MGM/United Artists	coC101MbbkE	1996	4.0
89	A policeman works to figure out whether a violent teen murdered his family.	John Polson	101	5.5	English	Tenderness	https://images-na.ssl-images-amazon.com/images/M/MV5BMTg3MTMzMTIzNl5BMl5BanBnXkFtZTcwMTAzNzMwMw@@._V1_SX300.jpg	Lionsgate	xC6rk4YC28o	2009	5.0
94	An artist meets a mysterious and wealthy benefactor and their relationship is not what it appears to be.	Nenad Cicin-Sain	85	5.5	English	The Time Being	https://images-na.ssl-images-amazon.com/images/M/MV5BMTQwNTU1MjI3NF5BMl5BanBnXkFtZTcwODk2MDk3OQ@@._V1_SX300.jpg	Tribeca Film	2yLGgNheu7Q	2012	1.6
99	As the Allies sweep across Germany, Lore leads her siblings on a journey that exposes them to the truth of their parents' beliefs. An encounter with a mysterious refugee forces Lore to rely on a person she has always been taught to hate.	Cate Shortland	109	7.1	German, English	Lore	https://images-na.ssl-images-amazon.com/images/M/MV5BMjMxMDA5MDUwNl5BMl5BanBnXkFtZTcwNTM1NjM5OA@@._V1_SX300.jpg	Music Box Films	TPnuT2TLvLQ	2012	9.9
107	Animator Thomas Kempton gets more than he bargained for when a snowmobile trip turns to terror in the wilds of Northern Michigan. Held prisoner by two cannibalistic sisters who try ...	John D. Hancock	114	5.2	English	Suspended Animation	https://images-na.ssl-images-amazon.com/images/M/MV5BMTcyMzMzNzc2OF5BMl5BanBnXkFtZTcwNzcwODQyMQ@@._V1_SX300.jpg	First Run Features	MQxPUXb7Dw4	2001	9.4
116	Benji sniffs out a bogus CIA agent in Athens, Greece.	Joe Camp	85	6.0	English, Greek	For the Love of Benji	https://images-na.ssl-images-amazon.com/images/M/MV5BMTQ3NzgzMDIwNV5BMl5BanBnXkFtZTgwNTUzNjIxMzE@._V1_SX300.jpg	E1 Entertainment	9jiDEwkmOEc	1977	3.5
121	A spoiled schoolgirl runs away from home, gets pregnant while hitch-hiking, and ends up as a fashion model for a pair of beauticians who like to photograph women committing crimes.	John Waters	89	7.3	English	Female Trouble	https://images-na.ssl-images-amazon.com/images/M/MV5BMTY5NzgyMjUwOV5BMl5BanBnXkFtZTgwNjc2NjQzMTE@._V1_SX300.jpg	Continental Home Video	jlNnzoOiFq8	1974	1.7
127	A subversive experimental short film in which the word "Destroy" is uttered constantly while images on an individual are show with changes colors and the letters T,O,U,C,H,I,N,G displayed.	Paul Sharits	12	5.7	N/A	T,O,U,C,H,I,N,G	https://images-na.ssl-images-amazon.com/images/M/MV5BNjU5Y2NlYzktODI2ZS00MGJlLWJhMWYtYzY0Mjc0OGMyN2ZkXkEyXkFqcGdeQXVyMDM0MzU2NA@@._V1_SX300.jpg	N/A	jtnqVZEktyg	1969	6.7
133	Soon after moving into their seemingly idyllic new home, a family learns of a brutal crime committed against former residents of the dwelling.	Jim Sheridan	84	6.0	English	Dream House	https://images-na.ssl-images-amazon.com/images/M/MV5BMTM5MzUxMDc5Ml5BMl5BanBnXkFtZTcwMTMwMjIwNg@@._V1_SX300.jpg	Universal Pictures	XFxIYqcmRxc	2011	5.2
139	Mary is a free-spirited young woman with a run-down New York apartment and a high fashion wardrobe. She calls her godmother, a librarian, for bail money after being arrested for throwing an...	Daisy von Scherler Mayer	94	6.6	English	Party Girl	https://images-na.ssl-images-amazon.com/images/M/MV5BMTQ0MTE0NTQxMV5BMl5BanBnXkFtZTcwMDQ2NjkyMQ@@._V1_SX300.jpg	Sony Pictures Home Entertainment	B9tshSME0WQ	1995	0.6
148	A special forces unit sent, to infiltrate Pine Gap Australia's top secret underground military compound, come under attack from unknown forces.	Justin Dix	86	4.8	English	Crawlspace	https://images-na.ssl-images-amazon.com/images/M/MV5BNzg5MzU2Njg2MF5BMl5BanBnXkFtZTcwMDYzMTE1OA@@._V1_SX300.jpg	IFC Films	G8Taytaf42Y	2012	1.1
36	The Beatles agree to accompany Captain Fred in his Yellow Submarine and go to Pepperland to free it from the music hating Blue Meanies.	George Dunning	85	7.4	English	Yellow Submarine	https://images-na.ssl-images-amazon.com/images/M/MV5BMjA4NjkxNzMxNV5BMl5BanBnXkFtZTcwMTM1MDQ3Nw@@._V1_SX300.jpg	Independent Pictures	wRnAcVLBIyY	1968	9.6
42	Life at the Marine Training Base in San Diego on the eve of the Japanese attack on Pearl Harbor.	H. Bruce Humberstone	86	6.1	English	To the Shores of Tripoli	https://images-na.ssl-images-amazon.com/images/M/MV5BMTUwODkyMjk5NV5BMl5BanBnXkFtZTcwNDM0MTU1MQ@@._V1_SX300.jpg	N/A	c2isEnhaOfI	1942	7.4
59	Raised to deal in cold blooded death, the teenage assassin girl Azumi must defeat three evil warlords while also battling her own heart.	Ryûhei Kitamura	128	6.9	Japanese	Azumi	https://images-na.ssl-images-amazon.com/images/M/MV5BNGM2ZTg5OGUtYzNhMi00MDFjLWE1MDItNDllMzZmYWMyNzhkL2ltYWdlXkEyXkFqcGdeQXVyNTAyODkwOQ@@._V1_SX300.jpg	AsiaVision	Y_u1fv8386Q	2003	3.0
65	N/A	N/A	145	8.5	German	Die Katze im Sack	N/A	\N	ZRUN7KgFCs4	1965	4.6
77	A Navy navigator is shot down over enemy territory and is ruthlessly pursued by a secret police enforcer and the opposing troops. Meanwhile his commanding officer goes against orders in an attempt to rescue him.	John Moore	106	6.4	English, Serbo-Croatian, Spanish, Czech	Behind Enemy Lines	https://images-na.ssl-images-amazon.com/images/M/MV5BM2RhNjdlYjMtOTM4Ni00MWZhLTkyZmItNmI2NDkxMjBhYTJkL2ltYWdlL2ltYWdlXkEyXkFqcGdeQXVyMTQxNzMzNDI@._V1_SX300.jpg	20th Century Fox	PUeWBp_kmuo	2001	2.5
82	A prominent judge, his wife, her ex-lover, their neighbor and a dead body that complicates their lives.	Jim Wilson	92	6.0	English	Head Above Water	https://images-na.ssl-images-amazon.com/images/M/MV5BMzc3MzAzNDA3OV5BMl5BanBnXkFtZTgwODU0NTY1OTE@._V1_SX300.jpg	N/A	J0q_3-TjuDY	1996	3.9
95	After wishing to be made big, a teenage boy wakes the next morning to find himself mysteriously in the body of an adult.	Penny Marshall	104	7.3	English	Big	https://images-na.ssl-images-amazon.com/images/M/MV5BNDk0OTM1Mzk3M15BMl5BanBnXkFtZTgwNDg2NjIyMDE@._V1_SX300.jpg	Twentieth Century Fox Home Entertainment	TbeAihy-ru8	1988	5.1
101	A successful song-and-dance team become romantically involved with a sister act and team up to save the failing Vermont inn of their former commanding general.	Michael Curtiz	120	7.6	English	White Christmas	https://images-na.ssl-images-amazon.com/images/M/MV5BYjI0ZTk0ZjQtZTMzOS00NDdmLTk0YzUtZTQ4NGRkNWFhZTkxXkEyXkFqcGdeQXVyNjc1NTYyMjg@._V1_SX300.jpg	Paramount Pictures	3n3-UtakD3I	1954	2.7
105	During the Civil War, a Virginia farmer and his family vow to remain neutral but one of the sons is captured by Union soldiers, sending the farmer to his rescue.	Andrew V. McLaglen	105	7.4	English	Shenandoah	https://images-na.ssl-images-amazon.com/images/M/MV5BMjkzNmUxNjMtZGY4Zi00MmQ2LWE2ZmEtNjhlOTMxYjFiMGQxXkEyXkFqcGdeQXVyMjI4MjA5MzA@._V1_SX300.jpg	MCA Universal Home Video	4jNk3YdA5_k	1965	5.3
111	A jealous and insecure newlywed man interferes with his wife's medical work in order to prevent her from seeing attractive male patients.	Wesley Ruggles	94	6.0	English	You Belong to Me	https://images-na.ssl-images-amazon.com/images/M/MV5BMjU0NzYwZDAtNTI1Yi00YjU1LWExOTItMzIyNDNmNmVhNzVkXkEyXkFqcGdeQXVyNjc0MzMzNjA@._V1_SX300.jpg	Columbia Pictures	fckhH-tYJSI	1941	4.9
118	When a handful of settlers survive an Apache attack on their wagon train they must put their lives into the hands of Comanche Todd, a white man who has lived with the Comanches most of his ...	Delmer Daves	98	7.0	English	The Last Wagon	https://images-na.ssl-images-amazon.com/images/M/MV5BMDNmMDA2YTMtYTI1Yy00MTQ5LTliOWQtNGRmNzYzYTdkZjljXkEyXkFqcGdeQXVyNjc1NTYyMjg@._V1_SX300.jpg	20th Century Fox Film Corporation	bpTpITHKXxY	1956	0.7
123	A fictionalized account of the early life of the American president as a young lawyer facing his greatest court case.	John Ford	100	7.6	English	Young Mr. Lincoln	https://images-na.ssl-images-amazon.com/images/M/MV5BMDYxMzk3MjMtNjI3OS00YTM1LWIzNjgtYWZlMzZkY2ZhMzY1XkEyXkFqcGdeQXVyNjUwNzk3NDc@._V1_SX300.jpg	20th Century Fox Film Corporation	QogD4d54qTE	1939	7.6
130	N/A	Armand Lohikoski	66	6.0	Finnish	Me tulemme taas	N/A	N/A	9dSTnOCMk5Q	1953	7.3
136	Sherlock Holmes investigates the murders commited by Jack the Ripper and discovers a conspiracy to protect the killer.	Bob Clark	124	7.0	English	Murder by Decree	https://images-na.ssl-images-amazon.com/images/M/MV5BMjAzMTA5MTYxNV5BMl5BanBnXkFtZTgwOTMyMjEyMDE@._V1_SX300.jpg	AVCO Embassy Pictures	JJIRu2pDE3I	1979	5.0
142	It is a satire about life in Cuba. The members of a funeral procession and some truckdrivers who have to take the same route begin to talk about god and the world ending up in discovering ...	Tomás Gutiérrez Alea, Juan Carlos Tabío	105	7.0	Spanish	Guantanamera	https://images-na.ssl-images-amazon.com/images/M/MV5BMTczMzk1NzE4OV5BMl5BanBnXkFtZTcwNDA0MzMzMQ@@._V1_SX300.jpg	Ciné 360 Inc.	_utmRZ0jwIs	1995	6.9
146	Max is gay and as such is sent to Dachau concentration camp under the Nazi regime. He tries to deny he is gay, and gets a yellow label (the one for Jews) instead of pink (the one for gays)....	Sean Mathias	105	7.3	English	Bent	https://images-na.ssl-images-amazon.com/images/M/MV5BMTIzMDE0MTI3MV5BMl5BanBnXkFtZTcwNjE5MjgxMQ@@._V1_SX300.jpg	MGM Pictures	v2USthJIIug	1997	6.9
153	As a man leaves his wife and daughter, a series of brief conversations, observed gestures, chance encounters and impulsive acts, tell the story of the relationships that flounder and thrive in the wake of this decision.	Philippe Garrel	77	6.4	French	Jealousy	https://images-na.ssl-images-amazon.com/images/M/MV5BYWU2ZjMzYmQtNGFmZi00OTdlLTgzMDQtMTdjYmI1OTRjMWRhXkEyXkFqcGdeQXVyMjQzMzQzODY@._V1_SX300.jpg	DistriB Films	oLm-UCFZFnE	2013	8.2
141	After a senator suddenly dies after completing (and sealing) an investigation into the nuclear power industry, the remaining senator and the state governor must decide on a person who will ...	Tom Laughlin	155	4.5	English	Billy Jack Goes to Washington	https://images-na.ssl-images-amazon.com/images/M/MV5BNTUwMjQ2MTg2MV5BMl5BanBnXkFtZTcwMDMwNzMyMQ@@._V1_SX300.jpg	Taylor-Laughlin Distribution	oqBynKxAiiI	1977	6.4
147	General Chappy Sinclair assembles a joint U.S.- Soviet strike team to take out a rogue middle eastern nuclear base.	Sidney J. Furie	105	3.6	English, Russian	Iron Eagle II	https://images-na.ssl-images-amazon.com/images/M/MV5BNGExMGU4YjMtZWNkYS00Nzk3LWFmOTQtZWQxZDA5OWZjN2U0XkEyXkFqcGdeQXVyMTQ2MjQyNDc@._V1_SX300.jpg	TriStar Pictures	gMHmwL-xyag	1988	3.0
167	A film delivery man promises a beautiful young woman to deliver a film reel on time to a movie theater. But the the whole city seems to conspire against him.	Joko Anwar	83	7.6	English, Indonesian	Joni's Promise	http://ia.media-imdb.com/images/M/MV5BMTU1NDk3MzUwOF5BMl5BanBnXkFtZTcwMDE3MDkyMQ@@._V1_SX300.jpg	N/A	IToLFuNWDZg	2005	3.2
173	This is a story about family relationships, set in the time before and during the American Civil War. Ethan Wilkins is a poor and honest man who ministers to the human soul, while his son ...	Clarence Brown	103	6.9	English	Of Human Hearts	https://images-na.ssl-images-amazon.com/images/M/MV5BM2I5MDg3ZjUtODFhNC00MDJhLTk2OTItMzFhMzJlYmMyMzBjXkEyXkFqcGdeQXVyMjUxODE0MDY@._V1_SX300.jpg	MGM	ttoIFUJjo0w	1938	8.8
181	A neurotic film critic obsessed with the movie Casablanca (1942) attempts to get over his wife leaving him by dating again with the help of a married couple and his illusory idol, Humphrey Bogart.	Herbert Ross	85	7.7	English, Italian	Play It Again, Sam	https://images-na.ssl-images-amazon.com/images/M/MV5BMjAyOTc4MTk5M15BMl5BanBnXkFtZTYwMDIzMzY5._V1_SX300.jpg	Paramount Home Video	Dl_DBzrNFzc	1972	4.0
187	A late night talk show host masterminds an elaborate scheme to save his canceled show and avenge his wife's affair, entangling an eclectic collection of tinsel towners in the process.	Brandon Beckner	91	5.4	English	Remarkable Power	https://images-na.ssl-images-amazon.com/images/M/MV5BMjExNDc5OTEyMl5BMl5BanBnXkFtZTcwMDE2NDUyMg@@._V1_SX300.jpg	MTI Home Video	9mKkGmgPMXk	2008	9.7
193	Anna, a French actress, is approached by financial broker Gordon in the Vermeer room of a New York gallery. However, romance does not ensue...	Jon Jost	87	6.8	English	All the Vermeers in New York	https://images-na.ssl-images-amazon.com/images/M/MV5BMTI5NDExMjkzOF5BMl5BanBnXkFtZTcwMDgxMjIyMQ@@._V1_SX300.jpg	American Playhouse Theatrical Films	KPN9veJHw94	1990	2.8
199	Cletis Tout is a comedy about mistaken identities, a hit man who sees everything in terms of the movies and a twenty year old diamond heist.	Chris Ver Wiel	92	6.4	English	Who Is Cletis Tout?	https://images-na.ssl-images-amazon.com/images/M/MV5BMTUyMjYwNTA5OV5BMl5BanBnXkFtZTcwODk4OTMyMQ@@._V1_SX300.jpg	Paramount Classics	xe9exzTlPBI	2001	0.4
205	Things couldn't be going better for Harry and Grace, a young New York City couple in love, until Grace's mother turns Harry's world upside down.	J.C. Khoury	85	5.4	English	All Relative	https://images-na.ssl-images-amazon.com/images/M/MV5BMTQzNTIwMzgzMl5BMl5BanBnXkFtZTgwNzY0NjEwMzE@._V1_SX300.jpg	Shoot First Entertainment	vxyRGF9ZxIo	2014	2.7
210	In 1881, cattle baron John Chisum pays a bounty to Patrick Floyd Garrett to kill outlaw Billy the Kid.	Geoff Murphy	104	6.5	English	Young Guns II	https://images-na.ssl-images-amazon.com/images/M/MV5BMTYzZmQxMDUtZjM1ZC00OTYwLWE4MmUtYTUxNzY2MDg0OTRlXkEyXkFqcGdeQXVyMjY3MjUzNDk@._V1_SX300.jpg	20th Century Fox	r-FmfxLy7fo	1990	2.6
217	In 2018, a mysterious new weapon in the war against the machines, half-human and half-machine, comes to John Connor on the eve of a resistance attack on Skynet. But whose side is he on, and can he be trusted?	McG	115	6.6	English, Italian	Terminator Salvation	https://images-na.ssl-images-amazon.com/images/M/MV5BODE1MTM1MzA2NF5BMl5BanBnXkFtZTcwODQ5MTA2Mg@@._V1_SX300.jpg	Warner Bros. Pictures	-Czz-TcWCkA	2009	3.1
228	A naive man comes out into the world after spending 35 years in a nuclear fallout shelter.	Hugh Wilson	112	6.6	English, French, German, Latin	Blast from the Past	https://images-na.ssl-images-amazon.com/images/M/MV5BZGFiZjRhMTYtZmMzYS00MGEyLWEzN2EtNWMzMjA3OGI0NGZlXkEyXkFqcGdeQXVyNTAyODkwOQ@@._V1_SX300.jpg	New Line Home Entertainment	AhMQOb0tEmI	1999	7.5
235	At Madame Zenobia's illegal nightclub, when Steve Jackson and Wardell Franklin get robbed of their wallets containing a winning lottery ticket, they set out to recover it.	Sidney Poitier	104	6.7	English	Uptown Saturday Night	https://images-na.ssl-images-amazon.com/images/M/MV5BNGE1YzlhYzctNzgyYS00YzU0LTk4MjYtNWVkZWNkZDA1MmEwL2ltYWdlL2ltYWdlXkEyXkFqcGdeQXVyNzc5MjA3OA@@._V1_SX300.jpg	WARNER BROTHERS PICTURES	Ij3LKTjpmd8	1974	6.5
240	Interviews in the Michael Moore/"Roger and Me" tradition examine life in small-town America, class conflicts and the collapse of an upstate New York community, Dadetown, when the town's ...	Russ Hexter	93	7.2	English	Dadetown	https://images-na.ssl-images-amazon.com/images/M/MV5BZWQ2MDY3NGMtODg5Zi00YzI1LTkyM2QtNzAzODNlM2M1M2I3XkEyXkFqcGdeQXVyMzU0NzkwMDg@._V1_SX300.jpg	N/A	nMyzGYjtHL8	1995	5.5
247	A woman who has just discovered she is the daughter of a murdered Mafia chieftain seeks revenge, with the aide of her father's faithful bodyguard.	Martyn Burke	97	5.2	English	Avenging Angelo	https://images-na.ssl-images-amazon.com/images/M/MV5BMTg1ODA4OTM2MF5BMl5BanBnXkFtZTcwOTU2ODAyMQ@@._V1_SX300.jpg	Warner Bros.	6uS-YBsJKEg	2002	0.2
252	One hundred years in the future... Due to overpopulation and the effects of global warming, sex has been declared illegal on Earth. When a crew of astronauts hear of a distant planet ...	Mike Davis	78	3.4	English	Sex Galaxy	https://images-na.ssl-images-amazon.com/images/M/MV5BMTQyNDI5NDY2MF5BMl5BanBnXkFtZTgwOTM0MjA2MDE@._V1_SX300.jpg	Stag Films	xMfXZYIdmHc	2008	4.0
145	A Japanese actress begins having strange visions and experiences after landing a role in a horror film about a real-life murder spree that took place over forty years ago.	Takashi Shimizu	96	6.2	Japanese	Reincarnation	https://images-na.ssl-images-amazon.com/images/M/MV5BMWU5ZmJlYTQtYjUxZS00MTFiLTkyMWEtYTQwY2ZlYjM2YjZiXkEyXkFqcGdeQXVyMTQxNzMzNDI@._V1_SX300.jpg	LionsGate Entertainment	ZSamyYgN0hY	2005	5.4
151	Christopher Plummer plays Flash, a curmudgeon with a hankering for classic movies and booze. Cameron is a volatile teen who commits grand theft auto just because the car is an exact replica...	Michael Schroeder	107	7.2	English	Man in the Chair	https://images-na.ssl-images-amazon.com/images/M/MV5BMTU0MDc4NzQyMF5BMl5BanBnXkFtZTcwMDc2MjU1MQ@@._V1_SX300.jpg	Outsider Films	n2hTlkiwVJI	2007	2.6
157	A look at Julia Styles' character Nicky Parsons in all three installments of the Jason Bourne trilogy.	N/A	10	7.8	English	The Bourne Ultimatum: The Evolution of Nicky	N/A	N/A	JdfCyow-Tiw	2007	7.3
163	Janey is new in town, and soon meets Lynne, who shares her passion for dancing in general, and "Dance TV" in particular. When a competition is announced to find a new Dance TV regular ...	Alan Metter	90	6.0	English	Girls Just Want to Have Fun	https://images-na.ssl-images-amazon.com/images/M/MV5BMTg1MzIzNDc3Ml5BMl5BanBnXkFtZTgwMDI1MzQxMDE@._V1_SX300.jpg	New World Video	hyQmsqs5jus	1985	2.9
179	When the Sultan's first born is taken by an evil sorcerer, Sinbad is tasked with traveling to a desert of magic and creatures to save her.	Shahin Sean Solimon	89	6.1	English	Sinbad: The Fifth Voyage	https://images-na.ssl-images-amazon.com/images/M/MV5BMTk2MTc5ODM0Nl5BMl5BanBnXkFtZTgwMDkwMTA5MjE@._V1_SX300.jpg	Giant Flick	FCFT6D04i28	2014	2.4
185	A judge commits suicide, and his secretary is found murdered. A homeless deaf-mute man, Carl Anderson is arrested for her murder. Public defender Kathleen is assigned by the court as his ...	Peter Yates	121	6.6	English	Suspect	https://images-na.ssl-images-amazon.com/images/M/MV5BYmFlMDA2ODctODBiNy00ZWRhLTk5YmYtYzg5ODM0M2UyYjhmXkEyXkFqcGdeQXVyMjI4MjA5MzA@._V1_SX300.jpg	Sony Pictures Home Entertainment	iTaFbJd-74Q	1987	6.5
198	An extraterrestrial race forced to live in slum-like conditions on Earth suddenly finds a kindred spirit in a government agent who is exposed to their biotechnology.	Neill Blomkamp	112	8.0	English, Nyanja, Afrikaans, Zulu, Xhosa, Southern Sotho	District 9	https://images-na.ssl-images-amazon.com/images/M/MV5BYmQ5MzFjYWMtMTMwNC00ZGU5LWI3YTQtYzhkMGExNGFlY2Q0XkEyXkFqcGdeQXVyNTIzOTk5ODM@._V1_SX300.jpg	Sony Pictures/Screen Gems	DyLUwOcR5pk	2009	3.2
204	A pilot is sent into the Soviet Union on a mission to steal a prototype jet fighter that can be partially controlled by a neuralink	Clint Eastwood	136	5.9	English, Russian	Firefox	https://images-na.ssl-images-amazon.com/images/M/MV5BM2RjZjcxNzktMmU3YS00YmViLWE1MjgtNDYwNGQ5ZjBlNzhhL2ltYWdlL2ltYWdlXkEyXkFqcGdeQXVyNzc5MjA3OA@@._V1_SX300.jpg	Warner Bros. Pictures	Y0BmrPrEm7g	1982	2.2
211	Samantha Hughes, a teenaged Kentucky girl, never knew her father, who died in Vietnam before her birth. Samantha lives with her Uncle Emmett, who also served in Vietnam. Emmett hangs around...	Norman Jewison	120	5.9	English	In Country	https://images-na.ssl-images-amazon.com/images/M/MV5BYWNlNmEyY2MtYmVmZC00NzRhLTlkNjYtNmUwODdjNWM4NGNmXkEyXkFqcGdeQXVyNTAyODkwOQ@@._V1_SX300.jpg	Warner Home Video	Y4mfE-R0cEs	1989	3.9
218	Sam Reide uses his power to time travel to solve the mystery of his girlfriend's death.	Seth Grossman	90	5.6	English	The Butterfly Effect 3: Revelations	https://images-na.ssl-images-amazon.com/images/M/MV5BMTcwNTk4NTk2NV5BMl5BanBnXkFtZTcwODMxNjQyMw@@._V1_SX300.jpg	After Dark Films	bXni0pAkPzk	2009	9.5
224	While Charlie is distracted with the birth of his first grandchild, son Jimmy impersonates his father in order to investigate a murder aboard a freighter in the harbor.	H. Bruce Humberstone	67	7.2	English	Charlie Chan in Honolulu	https://images-na.ssl-images-amazon.com/images/M/MV5BMTU1ZDQ0NjktYTBiYi00OTVkLWI0ZmQtMzI5YTc2NjdmYTlkXkEyXkFqcGdeQXVyMzg2MzE2OTE@._V1_SX300.jpg	20th Century Fox	y8okV9a0clY	1938	1.9
229	When a boy bands lead singer mysteriously diappears the media says that he ran away because he could not handle the fame, but really the other band members killed him and have hidden their ...	David DeCoteau	85	2.7	English	Ring of Darkness	https://images-na.ssl-images-amazon.com/images/M/MV5BMjAyOTE1MzI0N15BMl5BanBnXkFtZTcwNzMxMTgyMQ@@._V1_SX300.jpg	First Look Pictures	5xi0L931WLY	2004	2.4
234	A stage magician's rabbit gets into a magical onstage brawl against his neglectful guardian with two magic hats.	Doug Sweetland	5	8.5	English	Presto	https://images-na.ssl-images-amazon.com/images/M/MV5BMTEwNjMwMjc3MDdeQTJeQWpwZ15BbWU4MDg0OTA4MDIx._V1_SX300.jpg	Pixar Animation Studios	hOv6g9qFxFU	2008	9.3
241	A group of teenagers fear for their lives in the swamps of Louisiana, chased by Mr. Jangles, a man possessed by 13 evil souls, and now relentless in his pursuit of new victims.	Jim Gillespie	87	4.7	English	Venom	https://images-na.ssl-images-amazon.com/images/M/MV5BZjBmNjhiMTItMjA1Ni00ZDQ2LWFhNGMtN2U2NGZjYzNkOWExXkEyXkFqcGdeQXVyMTQxNzMzNDI@._V1_SX300.jpg	Miramax	uxBdyL0ZDiY	2005	9.3
246	Battle on Kozara known as the 'third offensive' is the hardest and most tragic battle led by the Yugoslav Partisans in World War II. In June of 1942 Germans and their collaborators decide ...	Veljko Bulajic	124	7.2	Serbo-Croatian	Kozara	https://images-na.ssl-images-amazon.com/images/M/MV5BODI5Njg3MDctZjE1ZC00MTFiLTk1NjktYWQ4MTJlNmJjYzg3XkEyXkFqcGdeQXVyMzIwMTIwODc@._V1_SX300.jpg	N/A	umB_X_T7rlA	1962	2.4
253	A confined but troubled rock star descends into madness in the midst of his physical and social isolation from everyone.	Alan Parker	95	8.0	English	Pink Floyd: The Wall	https://images-na.ssl-images-amazon.com/images/M/MV5BZDhlZTYxOTYtYTk3Ny00ZDljLTk3ZmItZTcxZWU5YTIyYmFkXkEyXkFqcGdeQXVyMTQxNzMzNDI@._V1_SX300.jpg	United Artists	PEQEgpyrQ3Q	1982	2.0
258	A charming, suicidal druggie must obey his rehab-clinic's demand to lead a seniors men's group or face incarceration and lose the love of his psychiatrist's daughter.	Ric Klass	106	4.7	English	Excuse Me for Living	https://images-na.ssl-images-amazon.com/images/M/MV5BNDIyODIyMzI2Nl5BMl5BanBnXkFtZTcwMzkxMjIyOA@@._V1_SX300.jpg	Dada Films	yCZCjxl6nrE	2012	3.1
155	39-year-old April Epner's childish husband and school teacher colleague Benjamin/Ben leaves her, but with her biological clock ticking ever more loudly. Her dying bossy adoptive mother is ...	Helen Hunt	100	6.0	English, Hebrew	Then She Found Me	https://images-na.ssl-images-amazon.com/images/M/MV5BMTk4ODYxNTYzOF5BMl5BanBnXkFtZTcwNjMwODg2MQ@@._V1_SX300.jpg	ThinkFilm	ZUtjrskSBAU	2007	4.0
159	A bullied teen disguises himself as a girl in order to escape the school's bully, but finds some upsides to it as well.	Michael Keusch	91	5.8	English	Just One of the Girls	https://images-na.ssl-images-amazon.com/images/M/MV5BMTYxNTQ1NzUyOF5BMl5BanBnXkFtZTcwNTEwNDMyMQ@@._V1_SX300.jpg	N/A	NInuwVBtcK0	1993	0.2
176	One of the most unconventional and experimental films ever made, Wavelength is a structural film of a 45-minute long zoom in on a window over a period of a week.	Michael Snow	45	5.8	English	Wavelength	https://images-na.ssl-images-amazon.com/images/M/MV5BMmRhODQ4MGQtMWNhYi00NWU4LWFkMTQtMzkyMmFmY2Q1MDUwXkEyXkFqcGdeQXVyMjYxMzY2NDk@._V1_SX300.jpg	N/A	KP8jrXY00-Y	1967	8.8
184	N/A	Jean-Pierre Bekolo	80	6.8	N/A	Quartier Mozart	https://images-na.ssl-images-amazon.com/images/M/MV5BNWFjNWFiMGItN2I1ZS00NWRiLTlkODMtOWZhYjFkNjdlZmM4XkEyXkFqcGdeQXVyMzU0NzkwMDg@._V1_SX300.jpg	N/A	pVOfoB6jHUM	1992	5.1
190	At a home for retired musicians, the annual concert to celebrate Verdi's birthday is disrupted by the arrival of Jean, an eternal diva and the former wife of one of the residents.	Dustin Hoffman	94	6.8	English, Italian, Polish, French	Quartet	https://images-na.ssl-images-amazon.com/images/M/MV5BMTc2MTI0MzI5Ml5BMl5BanBnXkFtZTcwNzkzNjQ4OA@@._V1_SX300.jpg	The Weinstein Co.	wSEnh8Hi62E	2012	5.4
207	Born into poverty, young Jude refuses to accept his lot in life. As his dreams are shattered one by one, his life descends into tragedy.	N/A	50	7.6	English	Jude the Obscure	https://images-na.ssl-images-amazon.com/images/M/MV5BMTcyNzI1NzUwNF5BMl5BanBnXkFtZTcwMzk1MzMzMQ@@._V1_SX300.jpg	\N	ucYvrtulOcw	1971	3.9
248	An underwater cave diving team experiences a life-threatening crisis during an expedition to the unexplored and least accessible cave system in the world.	Alister Grierson	108	5.9	English	Sanctum	https://images-na.ssl-images-amazon.com/images/M/MV5BMTM4MjY1NTEyNV5BMl5BanBnXkFtZTcwMTc3MjcxNA@@._V1_SX300.jpg	Universal Pictures	jaZHjv3ASfw	2011	8.5
213	Breaking the Surface is about the tough times Greg Louganis had on his way to becoming one of the world's top Olympic divers. Some topics discussed were Greg's childhood problems, his ...	Steven Hilliard Stern	95	6.4	English	Breaking the Surface: The Greg Louganis Story	https://images-na.ssl-images-amazon.com/images/M/MV5BMzQ3MjY2ODc0MF5BMl5BanBnXkFtZTgwMDQ1MDA1NzE@._V1_SX300.jpg	Green-Epstein Productions	ZwKQVkOXygk	1997	9.7
227	An estranged Nigerian-American brother and sister are forced to reconnect in their hometown of Fairbanks, Alaska.	Chinonye Chukwu	75	6.7	English	alaskaLand	https://images-na.ssl-images-amazon.com/images/M/MV5BODAyMTgwMjAwN15BMl5BanBnXkFtZTgwMjczNDE0MDE@._V1_SX300.jpg	N/A	u44NTeFPmds	2012	5.2
233	Ex-con trucker tries to expose his boss's rackets.	Cy Endfield	91	7.2	English	Hell Drivers	https://images-na.ssl-images-amazon.com/images/M/MV5BNWIyZDk5OGYtMTNkMC00ODBiLWFlZWItNjc1Yzg0ZmYwMjZmXkEyXkFqcGdeQXVyMjI4MjA5MzA@._V1_SX300.jpg	J. Arthur Rank Productions	NV9Vs9tOEaI	1957	9.7
239	In the police investigation of a brutal crime scene, one man was at the center of it all: legendary porn star John Holmes.	James Cox	104	6.6	English	Wonderland	https://images-na.ssl-images-amazon.com/images/M/MV5BOTNiNTAxOWItMjJmMS00YzJlLTg5NTMtOThiNzIyODQ3MmVkL2ltYWdlXkEyXkFqcGdeQXVyMTQxNzMzNDI@._V1_SX300.jpg	Lions Gate Releasing	tIWMOSKKlgs	2003	6.7
245	A comedy that follows nine very different couples on the night they conceive, showing that sex can sometimes be more neurotic than erotic.	Josh Stolberg	88	5.4	English	Conception	https://images-na.ssl-images-amazon.com/images/M/MV5BMTc1NjY2MTg2Ml5BMl5BanBnXkFtZTcwMzUxODMzNw@@._V1_SX300.jpg	Tribeca Films	Tb6erLy9yjg	2011	1.5
251	A young Southern débutante temporarily abandons her posh lifestyle and upcoming, semi-arranged marriage to have a lustful and erotic fling with a rugged drifter who works at a local carnival.	Zalman King	104	5.0	English	Two Moon Junction	https://images-na.ssl-images-amazon.com/images/M/MV5BM2FmZmEzNWMtODk2Ni00Mzk1LTg4ZGItZGI1OWQxNTdlODNjXkEyXkFqcGdeQXVyNjQ2MjQ5NzM@._V1_SX300.jpg	Sony Pictures Home Entertainment	xax38BVMCUM	1988	4.7
261	An examination of the aftermath of the 1998 Real IRA bombing that killed 29 people in Omagh, Northern Ireland.	Pete Travis	106	7.3	English	Omagh	https://images-na.ssl-images-amazon.com/images/M/MV5BMTQxNjY0MzQwMl5BMl5BanBnXkFtZTcwNDIyMjQzMQ@@._V1_SX300.jpg	A-Film Distribution	62stoNJufEU	2004	5.3
268	In the Italy of WWII, a widow and her lonely daughter seek for distance between them and the horrors of war.	Vittorio De Sica	100	7.9	Italian, German	Two Women	https://images-na.ssl-images-amazon.com/images/M/MV5BYjZhMGRhYWUtYTE5Ny00M2NiLWFiZDQtZTRiNDUyYmQxODQ1XkEyXkFqcGdeQXVyODQ0OTczOQ@@._V1_SX300.jpg	Madacy Entertainment	hE7C-PwiAVo	1960	2.4
275	The making of Mass Animation.	Yair Landau	6	7.7	English	Live Music	https://images-na.ssl-images-amazon.com/images/M/MV5BMTQ0MDQxNTMyOV5BMl5BanBnXkFtZTcwODE0NTA3Mg@@._V1_SX300.jpg	N/A	I7jCcBoKB-E	2009	7.7
156	When strongman Samson rejects the love of the beautiful Philistine woman Delilah, she seeks vengeance that brings horrible consequences they both regret.	Cecil B. DeMille	131	6.8	English	Samson and Delilah	https://images-na.ssl-images-amazon.com/images/M/MV5BNmE1NTg5OWQtYzcwNi00ZDFkLWJmZjgtNDM3ZjZiODAxYmE2XkEyXkFqcGdeQXVyNjc1NTYyMjg@._V1_SX300.jpg	Paramount Home Video	N69RgtW6S8o	1949	7.0
162	The old Commandant Lassard, leader of the Police Academy (1984), goes to Florida to receive an award. In the city arrives also the cynic Captain Harris who wants to take Lassard's job. ...	Alan Myerson	90	4.4	English	Police Academy 5: Assignment: Miami Beach	https://images-na.ssl-images-amazon.com/images/M/MV5BNmJjN2Y2NDgtMDE5Mi00ZWUwLTkyMmQtZTgzZTdiMTM4OGUwL2ltYWdlL2ltYWdlXkEyXkFqcGdeQXVyMTQxNzMzNDI@._V1_SX300.jpg	Warner Home Video	Tj_R7ndsU18	1988	6.7
166	An elite military unit comprised of special operatives known as G.I. Joe, operating out of The Pit, takes on an evil organization led by a notorious arms dealer.	Stephen Sommers	118	5.8	English, French, Scottish Gaelic	G.I. Joe: The Rise of Cobra	https://images-na.ssl-images-amazon.com/images/M/MV5BMTQzMTU1NzQwNl5BMl5BanBnXkFtZTcwNDg4NzMzMw@@._V1_SX300.jpg	Paramount Pictures	OqymrugFevw	2009	5.0
170	1958. Rose is a terrible secretary but a demon typist. Her handsome boss resolves to turn her into the fastest girl in the world.	Régis Roinsard	111	6.9	French, English, German	Populaire	https://images-na.ssl-images-amazon.com/images/M/MV5BMjA2NzY4MDExOV5BMl5BanBnXkFtZTcwNTE4NzQzOQ@@._V1_SX300.jpg	The Weinstein Company	i6upoz9I7eg	2012	9.3
182	A scatterbrained socialite hires a vagrant as a family butler...but there's more to Godfrey than meets the eye.	Gregory La Cava	94	8.1	English, Russian	My Man Godfrey	https://images-na.ssl-images-amazon.com/images/M/MV5BNmMwZTJlMTctYjM5Ni00Zjg4LWEzN2EtZmJlZjcyMmMzM2NiL2ltYWdlXkEyXkFqcGdeQXVyMDI2NDg0NQ@@._V1_SX300.jpg	Universal Pictures	O8xoAtKjnqs	1936	5.7
188	As Ellis prepares to leave Tucson for his freshman year at an East Coast prep school, he also faces separating from his flaky, new age mother and the only real father he has ever known: Goat Man.	Christopher Neil	94	5.9	English	Goats	https://images-na.ssl-images-amazon.com/images/M/MV5BNjUxODc5Mjk1OV5BMl5BanBnXkFtZTcwNDE0NTExOA@@._V1_SX300.jpg	Image Entertainment	iJiz3SsY9fE	2012	8.8
200	Its All Gone Pete Tong is a comedy following the tragic life of legendary Frankie Wilde. The story takes us through Frankie's life from one of the best DJ's alive, through subsequent battle...	Michael Dowse	90	7.4	English	It's All Gone Pete Tong	https://images-na.ssl-images-amazon.com/images/M/MV5BMTY0OTY2MzMyN15BMl5BanBnXkFtZTcwNzE5NTgyMQ@@._V1_SX300.jpg	Matson Films	WGsCzaI5qrM	2004	9.5
206	As a hard-core surfer girl prepares for a big competition, she finds herself falling for a football player.	John Stockwell	104	5.6	English	Blue Crush	https://images-na.ssl-images-amazon.com/images/M/MV5BYzYwZDQwNmEtMDIyNy00NjkzLWJjYTctNTYwNjI2MTBhMzEzXkEyXkFqcGdeQXVyMTQxNzMzNDI@._V1_SX300.jpg	Sony Pictures Classics	xS6HmLPemWI	2002	8.4
223	Three vignettes, each set in room 719 of New York's Plaza Hotel, make up this comedy.	Arthur Hiller	114	6.6	English, Italian	Plaza Suite	https://images-na.ssl-images-amazon.com/images/M/MV5BMzQyMDBmOWYtYzU0Yi00NjAwLWE3ZjItODA2N2JiNDY4Y2E3XkEyXkFqcGdeQXVyNjc1NTYyMjg@._V1_SX300.jpg	Paramount Pictures	IB61gxV8HCI	1971	8.1
230	An anime continuation of the HIGHLANDER saga, following immortal Colin MacLeod's quest for revenge in the future.	Yoshiaki Kawajiri, Takuji Endo, Hiroshi Hamazaki(co-director)	85	6.9	English	Highlander: The Search for Vengeance	https://images-na.ssl-images-amazon.com/images/M/MV5BMTM0OTYwOTc4Nl5BMl5BanBnXkFtZTcwNTM3OTY0MQ@@._V1_SX300.jpg	Anchor Bay Entertainment	EhuwuwQjLuY	2007	5.3
254	A westerner named Casey, studying Ninjutsu in Japan, is asked by the Sensei to return to New York to protect the legendary Yoroi Bitsu, an armored chest that contains the weapons of the last Koga Ninja.	Isaac Florentine	86	5.5	English, Japanese, Russian, Spanish	Ninja	https://images-na.ssl-images-amazon.com/images/M/MV5BMTM3N2JkZDEtOTYwNy00NmNhLWI0YTktMTQwOTliYzU0NTc2L2ltYWdlL2ltYWdlXkEyXkFqcGdeQXVyNTAyODkwOQ@@._V1_SX300.jpg	Fighter Productions	4ulZjMYJVtE	2009	0.1
260	Ten strangers are invited to an island by a mysterious host, and start to get killed one by one. Could one of them be the killer?	N/A	58	8.0	English	And Then There Were None	https://images-na.ssl-images-amazon.com/images/M/MV5BNjIzZDg2YWUtZGEwOS00OGM5LTgwZTgtMGVhMTFiZDhjMjExXkEyXkFqcGdeQXVyMjExMjk0ODk@._V1_SX300.jpg	\N	HfFqHONPUa0	2015	6.2
158	An American reporter goes to the Australian outback to meet an eccentric crocodile poacher and invites him to New York City.	Peter Faiman	97	6.5	English	Crocodile Dundee	https://images-na.ssl-images-amazon.com/images/M/MV5BZjNlMTQ1MzQtMjNjNS00MWY4LTgxZTgtM2M5NThkMDg4N2ViXkEyXkFqcGdeQXVyMTQxNzMzNDI@._V1_SX300.jpg	Paramount Pictures	rijQ5oBFlO0	1986	9.1
164	In 90s Singapore, the friendship between Filipino nursemaid Teresa and her young charge Jiale makes waves in a family, while the Asian recession hits the region.	Anthony Chen	99	7.3	Mandarin, Tagalog, English, Hokkien	Ilo Ilo	https://images-na.ssl-images-amazon.com/images/M/MV5BMTM3NzU5NjAwNF5BMl5BanBnXkFtZTcwMzQzMDI1OQ@@._V1_SX300.jpg	Film Movement	mGw-0SbDc2Q	2013	7.2
177	In 1948, in rural Georgia, Coweta County is watched over by its legendary, indomitable Sheriff Lamar Potts (Johnny Cash). No felony had ever gone unsolved while Sheriff Potts was in charge....	Gary Nelson	100	7.6	English	Murder in Coweta County	https://images-na.ssl-images-amazon.com/images/M/MV5BMjg0MDk3MzIzN15BMl5BanBnXkFtZTcwMjY4NDAwOQ@@._V1_SX300.jpg	Passion River Films	KNH-WlUcN04	1983	4.6
183	A group of passengers plot their escape off a haunted ship to hell.	James Oxford	100	3.5	English	Ghost Voyage	N/A	N/A	G6v3GuW0zlg	2008	8.5
189	Male chauvinist Mike attempts to get an intelligent burgeoning feminist Delilah into his harem. When she resists, Mike then poses as his brother Herbert, but in the process falls in love with Delilah.	Stephanie Rothman	86	4.7	English	It's a Bikini World	https://images-na.ssl-images-amazon.com/images/M/MV5BZjA3MDI1NTctMTZmMi00MzY5LWIzYzMtNTM4Y2QxY2ZjYzQ1L2ltYWdlXkEyXkFqcGdeQXVyNzc5MjA3OA@@._V1_SX300.jpg	Trans American Films	DkF0KMLbqWw	1967	0.7
195	A young man who survives a disaster at sea is hurtled into an epic journey of adventure and discovery. While cast away, he forms an unexpected connection with another survivor: a fearsome Bengal tiger.	Ang Lee	127	7.9	English, Tamil, French, Japanese, Hindi, Chinese	Life of Pi	https://images-na.ssl-images-amazon.com/images/M/MV5BNTg2OTY2ODg5OF5BMl5BanBnXkFtZTcwODM5MTYxOA@@._V1_SX300.jpg	20th Century Fox	j9Hjrs6WQ8M	2012	9.4
202	A look at the life and work of doctor-assisted suicide advocate Jack Kevorkian.	Barry Levinson	134	7.7	English	You Don't Know Jack	https://images-na.ssl-images-amazon.com/images/M/MV5BMTQ3MTYwODQwNV5BMl5BanBnXkFtZTcwMjQzNzI0Mw@@._V1_SX300.jpg	HBO Films	PSv0U94kiZ4	2010	8.9
208	Mockumentary that profiles a man who believes himself to be a serial killer.	Tim Nicholls	20	4.8	English	Confessor Caressor	N/A	N/A	V8B16DGq60Q	1989	0.0
219	The life of Octave Parango, a flamboyant ad designer, filled with success, satire, misery and love.	Jan Kounen	100	7.3	French	99 francs	https://images-na.ssl-images-amazon.com/images/M/MV5BMTQxMTc3MDIzNl5BMl5BanBnXkFtZTcwODkyMjA0Mg@@._V1_SX300.jpg	Equinoxe Films	sF4EL5G7qhQ	2007	1.2
225	An immigrant family in 1850's Wisconsin prospers until tragedy strikes.	Allen Reisner	103	7.1	English	All Mine to Give	https://images-na.ssl-images-amazon.com/images/M/MV5BMTYyMzYzOTk5MF5BMl5BanBnXkFtZTgwNjEzMTkxMTE@._V1_SX300.jpg	N/A	0k9kb6Pk31A	1957	6.1
231	N/A	Teuvo Tulio	93	5.8	Finnish	Mustasukkaisuus	N/A	N/A	r8S-F6NP_zw	1953	6.8
243	A solitary man whose only pastime is to go to a movie theater, the Teatro San Martín, on Corrientes Avenue in Buenos Aires. There he exorcise his ghosts.	Lisandro Alonso	63	6.3	Spanish	Fantasma	https://images-na.ssl-images-amazon.com/images/M/MV5BMTUxNzcwODI1M15BMl5BanBnXkFtZTcwMDAzODg5Mg@@._V1_SX300.jpg	Slot Machine	H_Pe__YHTyg	2006	6.1
250	Katniss Everdeen is in District 13 after she shatters the games forever. Under the leadership of President Coin and the advice of her trusted friends, Katniss spreads her wings as she fights to save Peeta and a nation moved by her courage.	Francis Lawrence	123	6.7	English	The Hunger Games: Mockingjay - Part 1	https://images-na.ssl-images-amazon.com/images/M/MV5BMTcxNDI2NDAzNl5BMl5BanBnXkFtZTgwODM3MTc2MjE@._V1_SX300.jpg	Lionsgate Films	3PkkHsuMrho	2014	1.8
255	In the Alpine village of Tolzbad in the 1800s, the townsfolk talk quietly and restrain their movements lest they incur avalanches. This atmosphere lends itself to repressed emotions - shown...	Guy Maddin	100	7.2	English	Careful	https://images-na.ssl-images-amazon.com/images/M/MV5BMTU2Mjk4MTEzN15BMl5BanBnXkFtZTgwNTExNTkwMzE@._V1_SX300.jpg	Zeitgeist Films	r_I7EjpA-sA	1992	2.2
262	Showdown in Abilene between lawmen Pat Garrett, Wyatt Earp, Bat Masterson and Butch Cassidy's gang over a large shipment of money arriving by train.	Fred F. Sears	68	5.6	English	Badman's Country	https://images-na.ssl-images-amazon.com/images/M/MV5BNTcxZmU4YzgtNDUwYS00NzYyLTliZTAtNjM0ZTY0ZDQyZjE0XkEyXkFqcGdeQXVyMDUyOTUyNQ@@._V1_SX300.jpg	N/A	DuvKch-c7O8	1958	0.4
279	A cruel and beautiful heiress mocks and cheats over a hired carpenter. When she gets amnesia, he decides to introduce her to working-class life by convincing her they're husband and wife.	Garry Marshall	106	6.8	English, French, Portuguese	Overboard	https://images-na.ssl-images-amazon.com/images/M/MV5BMjIzMjMxOTgzM15BMl5BanBnXkFtZTcwMTAwODM2NA@@._V1_SX300.jpg	MGM	HH6OuDYKWNE	1987	0.6
160	Rosie and Alex have been best friends since they were 5, so they couldn't possibly be right for one another...or could they? When it comes to love, life and making the right choices, these two are their own worst enemies.	Christian Ditter	102	7.2	English	Love, Rosie	https://images-na.ssl-images-amazon.com/images/M/MV5BMTk0Mzg1MTU1MF5BMl5BanBnXkFtZTgwMjU3ODI2MzE@._V1_SX300.jpg	Film Arcade	5zL3YJKygd4	2014	1.8
168	An intelligence operative discovers that no one is what they seem in the shadowy world of espionage.	Michael Keusch	91	4.1	English	Shadow Man	https://images-na.ssl-images-amazon.com/images/M/MV5BMTgzODgzNDgyMF5BMl5BanBnXkFtZTcwODgwOTIzMQ@@._V1_SX300.jpg	Sony Pictures Home Entertainment	HtO-b4fYp3o	2006	2.9
175	Female authors gather at a small northern coastal retreat to work on their writing skills. A first-time guest who lives for the moment finds herself struggling with her sexuality after ...	Nicole Conn	107	4.9	English	Claire of the Moon	https://images-na.ssl-images-amazon.com/images/M/MV5BMzcyMzQ0NzgxNV5BMl5BanBnXkFtZTcwOTE1MTAyMQ@@._V1_SX300.jpg	Wellspring Media Inc.	_NGGmPATenw	1992	0.3
180	Two cuban friends play in a blues band in La Habana. When a spanish music producer offers them a contract to record an album and to build a career in Europe, they will have to decide ...	Benito Zambrano	115	7.2	Spanish	Habana Blues	https://images-na.ssl-images-amazon.com/images/M/MV5BNTkzMzM0MzA2NV5BMl5BanBnXkFtZTcwNDg4NDQzMQ@@._V1_SX300.jpg	N/A	mWzAM-Jd_A0	2005	2.0
191	A young woman returning to her old school to visit her professor also runs into her old boyfriend and her senior, each of whom has a past with her.	Sang-soo Hong	88	6.8	Korean	Our Sunhi	https://images-na.ssl-images-amazon.com/images/M/MV5BNmJmY2I2ZWQtNWE2NC00NWVjLWI5MjUtY2RjZTM1Y2NjM2FmXkEyXkFqcGdeQXVyMjI2MDQxODA@._V1_SX300.jpg	N/A	lchbITFYVWo	2013	5.1
197	A man tries to rescue a woman with a little help from his half brother.	Dennis Dugan	88	5.5	English	Beverly Hills Ninja	https://images-na.ssl-images-amazon.com/images/M/MV5BNGU1NzQ1ZmItZGVmNC00NWQ4LWEwYTYtOTc4NWE1MmY0YTk2XkEyXkFqcGdeQXVyMTQxNzMzNDI@._V1_SX300.jpg	Sony Pictures Home Entertainment	L7wjZZDmyhY	1997	2.4
203	Baron Frankenstein is once again working with illegal medical experiments. Together with a young doctor, Karl and his fiancée Anna, they kidnap the mentally sick Dr. Brandt, to perform the ...	Terence Fisher	101	6.9	English	Frankenstein Must Be Destroyed	https://images-na.ssl-images-amazon.com/images/M/MV5BYzBiMTlmYmYtMzZjOS00YWI0LTgxMDItZmU5OTMwYmQwMWU0L2ltYWdlXkEyXkFqcGdeQXVyMTQxNzMzNDI@._V1_SX300.jpg	Warner Bros. Pictures	1ylPaweSVfw	1969	5.7
209	Kazakh TV talking head Borat is dispatched to the United States to report on the greatest country in the world. With a documentary crew in tow, Borat becomes more interested in locating and marrying Pamela Anderson.	Larry Charles	84	7.3	English, Romanian, Hebrew, Polish, Armenian	Borat: Cultural Learnings of America for Make Benefit Glorious Nation of Kazakhstan	https://images-na.ssl-images-amazon.com/images/M/MV5BMTk0MTQ3NDQ4Ml5BMl5BanBnXkFtZTcwOTQ3OTQzMw@@._V1_SX300.jpg	20th Century Fox	vlnUa_dNsRQ	2006	6.4
221	Three college cheerleaders (and after-school go-go dancers) use their martial arts skills to save their Sensei from mafia kidnappers, but must keep their extracurricular activities a secret to realize their Ivy League dreams at Brown.	David Presley	81	3.5	English	Ninja Cheerleaders	https://images-na.ssl-images-amazon.com/images/M/MV5BMTc1OTc3NDIxMV5BMl5BanBnXkFtZTgwOTgxNjUyNjE@._V1_SX300.jpg	High Fidelity Films	MzEb2q3AI0k	2008	2.6
238	Two fledgling criminals kidnap a pizza delivery guy, strap a bomb to his chest, and inform him that he has mere hours to rob a bank or else...	Ruben Fleischer	83	6.1	English, German, Spanish	30 Minutes or Less	https://images-na.ssl-images-amazon.com/images/M/MV5BMTM5NjM0ODY1NF5BMl5BanBnXkFtZTcwMjk5NjI0Ng@@._V1_SX300.jpg	Sony Pictures	nfOt-Go3ECA	2011	5.0
244	Elderly Will Lane arranges marriage of wild son of dead friend to tame him.	Burt Kennedy	83	6.1	English	Mail Order Bride	https://images-na.ssl-images-amazon.com/images/M/MV5BMTU0MzE5MDQ3MV5BMl5BanBnXkFtZTcwNzUzMTgyMQ@@._V1_SX300.jpg	N/A	W4AYdHDL8j4	1964	4.7
249	A trio of bodybuilders in Florida get caught up in an extortion ring and a kidnapping scheme that goes terribly wrong.	Michael Bay	129	6.5	English	Pain & Gain	https://images-na.ssl-images-amazon.com/images/M/MV5BMTU0NDE5NTU0OV5BMl5BanBnXkFtZTcwMzI1OTMzOQ@@._V1_SX300.jpg	Paramount Studios	Ud4HuAzHEUc	2013	0.6
257	By day, Abby Russell is a dedicated nurse, but by night, she lures cheating men to their brutal deaths and exposes them for who they really are.	Douglas Aarniokoski	84	4.6	English	Nurse 3D	https://images-na.ssl-images-amazon.com/images/M/MV5BMjM4MjYwMjQ2Nl5BMl5BanBnXkFtZTgwMTkxODM1MDE@._V1_SX300.jpg	The Film Arcade	ipdZPDiTLME	2013	8.5
263	Roger Cobb (William Katt) is killed in a car accident. His family must move into the house that has haunted him for several years. Soon the family begins to experience scary and unexplained phenomena.	Lewis Abernathy	94	3.6	English	House IV	https://images-na.ssl-images-amazon.com/images/M/MV5BNTY1OWUwMWMtMTY3MS00ZTA2LTllNWItNTMyYWZjM2U4NjM5XkEyXkFqcGdeQXVyMTQxNzMzNDI@._V1_SX300.jpg	New World	vo1Qr7VYVdU	1992	6.6
259	The real-life story of Dr. Hawley Harvey Crippen, who was hanged in London in 1910 for poisoning his wife so he could be with his young lover. But was he truly guilty of murder?	Robert Lynn	98	6.3	English	Dr. Crippen	https://images-na.ssl-images-amazon.com/images/M/MV5BMTAwYmI3YWQtNTBjOS00NGEwLWE1YTItNGZmOGQ2ODE1NGRhXkEyXkFqcGdeQXVyNzc5MjA3OA@@._V1_SX300.jpg	N/A	WJqlu3ZTY8c	1963	6.3
266	A shy advertising employee meets his dream girl on the El train, but doesn't remember to get her phone number, resulting in an all-out search for the mystery girl	Eric Bross	85	4.1	English	On the Line	https://images-na.ssl-images-amazon.com/images/M/MV5BMTI5MDQ4OTIwN15BMl5BanBnXkFtZTcwNTkwMDcyMQ@@._V1_SX300.jpg	Miramax Films	UpqtDJcX-_I	2001	6.4
272	Luca Altieri is a gambler. He likes cards and he is a master in playing poker. He is a cardsharper too. He begins working for "The President", who has many gambling houses and everything ...	Sergio Martino	101	6.7	Italian	Gambling City	https://images-na.ssl-images-amazon.com/images/M/MV5BOTU1NjM3Mzc0OV5BMl5BanBnXkFtZTcwNzI4MzAzMQ@@._V1_SX300.jpg	N/A	wbPJA8Q9SNo	1975	9.5
282	A man decides to turn his moribund life around by winning back his ex-girlfriend, reconciling his relationship with his mother, and dealing with an entire community that has returned from the dead to eat the living.	Edgar Wright	99	8.0	English	Shaun of the Dead	https://images-na.ssl-images-amazon.com/images/M/MV5BMTU2NjA0NDk0NV5BMl5BanBnXkFtZTcwOTA0OTQzMw@@._V1_SX300.jpg	Focus Features	LIfcaZ4pC-4	2004	9.3
289	An amusement park mogul offers a group of diverse people $1,000,000 to spend the night in a haunted house with a horrifying past.	William Malone	93	5.6	English	House on Haunted Hill	https://images-na.ssl-images-amazon.com/images/M/MV5BNzUzZDg1OGYtOWE3Mi00OGQ4LWE1NGYtY2FiMTFhZmY2YTg2XkEyXkFqcGdeQXVyMTQxNzMzNDI@._V1_SX300.jpg	Warner Home Video	V-HA1Y5m2pY	1999	3.1
295	After surviving a plane crash a young conservative woman suffers a crisis of faith.	Diablo Cody	86	5.0	English	Paradise	https://images-na.ssl-images-amazon.com/images/M/MV5BMjA4Njk4NDc4NV5BMl5BanBnXkFtZTcwNDkzMDg5OQ@@._V1_SX300.jpg	RLJ Entertainment/Image Entertainment	Blu3_Mxpimc	2013	1.1
301	In this taut and violent noir thriller, the lines between reality and the game blur as two teenagers become absorbed into a computer game's cryptic and increasingly morbid world.	Petri Kotwica	94	5.3	Finnish	Rat King	https://images-na.ssl-images-amazon.com/images/M/MV5BMTkyODU1OTMxMl5BMl5BanBnXkFtZTcwNTExODYyNw@@._V1_SX300.jpg	Making Movies Oy	VSEKmhM2GQs	2012	0.6
264	A travelling theater group find so much action going on behind-the-scenes, they almost ruin the performances.	Peter Bogdanovich	101	7.5	English	Noises Off...	https://images-na.ssl-images-amazon.com/images/M/MV5BZjY5OTI4MDUtZThlNy00MGYzLTljNTAtODU5NDY1YTZlYThmXkEyXkFqcGdeQXVyNjU0NTI0Nw@@._V1_SX300.jpg	Buena Vista Pictures	n2fO6dzwZB0	1992	5.6
288	A French anthropologist moves to Los Angeles and is followed by the evil spirits of an extinct tribe he once uncovered.	John McTiernan	91	5.5	English, French	Nomads	https://images-na.ssl-images-amazon.com/images/M/MV5BZmFjMmY5M2YtZDUzNi00OWQ0LWJjYzgtNzhlNmUxZDFkOGYwXkEyXkFqcGdeQXVyMTQxNzMzNDI@._V1_SX300.jpg	Paramount Home Video	TeHbHyVD-uc	1986	4.7
294	Low-budget film about a young man given a mystical medallion by an Aztec shaman, in order to become a puma-empowered champion like his father before him. In trying to initially locate the ...	Alberto De Martino	90	2.1	English	The Pumaman	https://images-na.ssl-images-amazon.com/images/M/MV5BZGE0Zjk2NjQtMDdmOC00ZDZmLTkwZDEtM2ExODA2MzZiMTBlXkEyXkFqcGdeQXVyNjA3OTI5MjA@._V1_SX300.jpg	N/A	aMJaSK3Tv3c	1980	8.9
300	Carman must enter the boxing ring once again. Even though the doctor has advised him against it, he picks up his gloves for one last fight, for his father, for his church, for his love, and for his life.	Lee Stanley	82	6.0	English	Carman: The Champion	https://images-na.ssl-images-amazon.com/images/M/MV5BMTQ4MTYwODkxOV5BMl5BanBnXkFtZTgwMTQ3ODU3MDI@._V1_SX300.jpg	8X Entertainment	g-eh5Aw-lO8	2001	1.9
306	Undercover cop Nico Giraldi travels to New York and Las Vegas to find a crooked cop who gave his squadron back in Italy a bad name.	Bruno Corbucci	91	6.0	Italian	Little Italy	https://images-na.ssl-images-amazon.com/images/M/MV5BYjcyODA5NjctNDUzMy00MzRlLWFiZjgtZTAxMzAyYmY2MTM4XkEyXkFqcGdeQXVyMTYxNjkxOQ@@._V1_SX300.jpg	N/A	lNlMsJWb1KM	1978	1.0
265	Rayne fights against the Nazis in Europe during World War II, encountering Ekart Brand, a Nazi leader whose target is to inject Adolf Hitler with Rayne's blood in an attempt to transform ...	Uwe Boll	79	3.0	English	BloodRayne: The Third Reich	https://images-na.ssl-images-amazon.com/images/M/MV5BMTM1OTEyODk4N15BMl5BanBnXkFtZTcwMDczODgzNQ@@._V1_SX300.jpg	N/A	sf9wqm8cz3Q	2011	0.4
283	The blurry line between historical myth and fact - dive into the real-life Da Vinci, his exploits, art, and inventions with creator and executive producer David Goyer (THE DARK KNIGHT), as well as actual historians.	N/A	5	8.8	N/A	History Is a Lie: The Real Da Vinci?	https://images-na.ssl-images-amazon.com/images/M/MV5BMTQ3ODU3NTg4N15BMl5BanBnXkFtZTgwNTgzNzQ1MTE@._V1_SX300.jpg	N/A	UAtoP5nFhh4	2013	7.6
290	On December 23rd, Korean War veteran George Haverstick and nurse Isabel Crane - who George lovingly refers to as "Little Bit" - get married in a civil ceremony. They met when George was ...	George Roy Hill	112	6.4	English	Period of Adjustment	https://images-na.ssl-images-amazon.com/images/M/MV5BZDVlNTRjODgtMGZjNC00NGFhLThhZTAtNTU2NzAyNGYwMWI4XkEyXkFqcGdeQXVyNzc5MjA3OA@@._V1_SX300.jpg	MGM	OhPw1xe7_qU	1962	2.8
302	In 1969 the Apollo moon landing is to be televised internationally but at a country fair in England a small boy named Jim meets the 90-year-old Julius Bedford who tells him that,in 1909,as ...	Damon Thomas	88	6.1	English	The First Men in the Moon	https://images-na.ssl-images-amazon.com/images/M/MV5BMTU0MzIxMzY4Nl5BMl5BanBnXkFtZTcwNDAxNzYxNA@@._V1_SX300.jpg	N/A	qk8jWObYgCk	2010	0.5
281	With the need to investigate the mysterious death of his grandparents, Cory and his friends assemble back to the old farm where it all began, sixty years earlier.	Charles Philip Moore	96	4.9	English	Demon Wind	https://images-na.ssl-images-amazon.com/images/M/MV5BYTdlM2IxMjEtZWE0NS00MzY2LTk4Y2YtZjU0ZGNmZGYxNGMzXkEyXkFqcGdeQXVyMTQxNzMzNDI@._V1_SX300.jpg	Prism Entertainment	42fW68sOu2M	1990	1.4
293	An update of the original film with new interpretations of great works of classical music.	James Algar, Gaëtan Brizzi, Paul Brizzi, Hendel Butoy, Francis Glebas, Eric Goldberg, Don Hahn, Pixote Hunt	75	7.2	English	Fantasia 2000	https://images-na.ssl-images-amazon.com/images/M/MV5BMTE3OGUxNmItZmM3MC00ZTI3LTg0YTUtMzA3MGJkZjkyNjEyXkEyXkFqcGdeQXVyMTQxNzMzNDI@._V1_SX300.jpg	Buena Vista Pictures	8810M5aZoGA	1999	3.7
298	After winning the ultimate title and being the world champion, Rocky falls into a hole and finds himself picked up by a former enemy.	Sylvester Stallone	99	6.8	English	Rocky III	https://images-na.ssl-images-amazon.com/images/M/MV5BMTMyOTYzMDMzMF5BMl5BanBnXkFtZTcwMTkzODM1NA@@._V1_SX300.jpg	MGM	gbRDCWKqvEc	1982	5.0
303	A man who loves games and theater invites his wife's lover to meet him, setting up a battle of wits with potentially deadly results.	Joseph L. Mankiewicz	138	8.1	English, Italian	Sleuth	https://images-na.ssl-images-amazon.com/images/M/MV5BM2EzZmFmMmItODY3Zi00NjdjLWE0MTYtZWQ3MGIyM2M4YjZhXkEyXkFqcGdeQXVyMzg2MzE2OTE@._V1_SX300.jpg	20th Century Fox Film Corporation	nL2xUbWCH1I	1972	6.4
291	The fairy tale of a young aspiring singer who leaves her hometown to a major city, in order to make her dreams come true.	Tizuka Yamasaki	90	4.4	Portuguese	Xuxa in Crystal Moon	https://images-na.ssl-images-amazon.com/images/M/MV5BMmIzNDhmNGUtZjZkNS00ZjQ0LWJhZTAtYzZlZGFmYjAzZWYyXkEyXkFqcGdeQXVyMTkzODUwNzk@._V1_SX300.jpg	N/A	5DlHjKCEQjw	1990	7.8
299	N/A	Ruben Östlund	89	6.2	Swedish	Gitarrmongot	https://images-na.ssl-images-amazon.com/images/M/MV5BMjMyMzkyNzMyOF5BMl5BanBnXkFtZTcwMzI1NjQxOA@@._V1_SX300.jpg	N/A	odatuvKn_xI	2004	7.6
286	A Russian officer is sent to USA to try and stop sleeper agents who will mindlessly attack government entities when they hear certain coded words.	Don Siegel	102	6.6	English	Telefon	https://images-na.ssl-images-amazon.com/images/M/MV5BNWVmYWU4MDUtNzdiZS00ZmVhLTk1ZDItNjE3OWE0ZmIwNTA2XkEyXkFqcGdeQXVyMjI4MjA5MzA@._V1_SX300.jpg	MGM Home Entertainment	altSJMUmmHw	1977	1.7
292	Lotta is angry because she is considered too small to make all the fun things as her older siblings Mia and Jonas can do.	Johanna Hald	74	5.7	Swedish	Lotta på Bråkmakargatan	https://images-na.ssl-images-amazon.com/images/M/MV5BMTk4ODAzNTE4MF5BMl5BanBnXkFtZTcwMzMwNDYxMQ@@._V1_SX300.jpg	N/A	f4RAP4W_ZR0	1992	4.4
304	A group of teenagers go on a excursion to the mountains. There, they are attacked by birds infected with a lethal virus. When the teens reach a nearby village, the haunting birds start passing their virus on to all the dwellers.	Leigh Scott	89	3.1	English	Flu Bird Horror	https://images-na.ssl-images-amazon.com/images/M/MV5BMTkzNTYxNjY5N15BMl5BanBnXkFtZTcwODQ1NTY5MQ@@._V1_SX300.jpg	Active Entertainment	bvtV82MgrrE	2008	9.9
307	ARRANGED centers on the friendship between an Orthodox Jewish woman and a Muslim woman who meet as first-year teachers at a public school in Brooklyn. Over the course of the year they learn...	Diane Crespo, Stefan C. Schaefer	90	7.4	English, Hebrew, Arabic, Spanish	Arranged	https://images-na.ssl-images-amazon.com/images/M/MV5BMTY1MzkyMzMwM15BMl5BanBnXkFtZTcwMTYwMzU1MQ@@._V1_SX300.jpg	Film Movement	wPnYPtbjUVo	2007	0.0
308	The nerds have taken the college, but some jocks are not going to allow this anymore.	Roland Mesa	93	3.8	English	Revenge of the Nerds III: The Next Generation	https://images-na.ssl-images-amazon.com/images/M/MV5BODEyZTE3NTctYzJmMi00Y2UyLTlmNWEtMzAxYzFmMDk2ZjQyXkEyXkFqcGdeQXVyMTQxNzMzNDI@._V1_SX300.jpg	Fox	w7Uvrt9eS04	1992	4.6
309	This remake of West of Zanzibar (1928) made four years later tries to outdo the Lon Chaney original in morbidity. From a wheelchair a handicapped white man rules an area of Africa as a ...	William J. Cowen	86	6.6	English	Kongo	https://images-na.ssl-images-amazon.com/images/M/MV5BNDdiZDQ0OWYtMWMxMC00ZjgxLWE4MmYtM2ZhNmMxNWUwYjlmXkEyXkFqcGdeQXVyMjUxODE0MDY@._V1_SX300.jpg	MGM	6nj5G4GffWo	1932	8.0
310	A U.S. sub commander, obsessed with sinking a certain Japanese ship, butts heads with his first officer and crew.	Robert Wise	93	7.4	English, Japanese	Run Silent Run Deep	https://images-na.ssl-images-amazon.com/images/M/MV5BMTlhNDI3NDktMjM3MS00ODhhLWI3ODYtZWE1YzE2YTE4ZmM4XkEyXkFqcGdeQXVyNzQzNDEyOQ@@._V1_SX300.jpg	United Artists	TKM7CzLytxc	1958	3.7
311	A delusional young man strikes up an unconventional relationship with a doll he finds on the Internet.	Craig Gillespie	106	7.4	English, Spanish	Lars and the Real Girl	https://images-na.ssl-images-amazon.com/images/M/MV5BMTI4NDc1NDkwMV5BMl5BanBnXkFtZTcwNjgzMDE1MQ@@._V1_SX300.jpg	MGM/Sidney Kimmel Entertainment	XNcs9DrKYRU	2007	4.9
312	A stuffy businessman finds himself trapped inside the body of his family's cat.	Barry Sonnenfeld	87	5.3	English	Nine Lives	https://images-na.ssl-images-amazon.com/images/M/MV5BMzEzMjkwMjc3NV5BMl5BanBnXkFtZTgwMzc0NjY5ODE@._V1_SX300.jpg	EuropaCorp	_jHA97HzhxE	2016	4.7
313	In this movie based on the early days of Def Jam Recordings, up-and-coming manager Russell Walker manages all the hottest acts on the record label Krush Groove Records, which include ...	Michael Schultz	97	6.6	English	Krush Groove	https://images-na.ssl-images-amazon.com/images/M/MV5BM2U4ZmNhMjEtZDhhYi00MmY5LWEyYzItYmM0NTZiNTIwZDY2XkEyXkFqcGdeQXVyMTQxNzMzNDI@._V1_SX300.jpg	Warner Home Video	yjEJ5UqH0pY	1985	3.2
314	When Keith goes out with Amanda, the girl of his dreams, Amanda's ex-boyfriend plans to get back at Keith. Meanwhile, Keith's best friend, tomboy Watts, realizes she has feelings for Keith.	Howard Deutch	95	7.1	English	Some Kind of Wonderful	https://images-na.ssl-images-amazon.com/images/M/MV5BMzM5ODExMjc5MV5BMl5BanBnXkFtZTgwODc3MjEyMDE@._V1_SX300.jpg	Paramount Home Video	aNmP7z1Eemo	1987	8.3
315	Cyborg law enforcer RoboCop returns to protect the citizens of old Detroit but faces a deadly challenge when a rogue OCP member secretly creates a new, evil RoboCop 2.	Irvin Kershner	117	5.8	English	RoboCop 2	https://images-na.ssl-images-amazon.com/images/M/MV5BNGQ5ZjI3YzYtNjM2Ni00MTFjLWEyOWMtOTEwNjI5MThlZTlmXkEyXkFqcGdeQXVyMTQxNzMzNDI@._V1_SX300.jpg	MGM	Yxumzn82V9s	1990	8.3
316	After a nuclear war, the survivors are divided between horribly mutated beings who live on desolate reservations and fertile women who are searching for scarce virile men in order to multiply and start a new human society.	Donald G. Jackson, R.J. Kizer	86	5.5	English	Hell Comes to Frogtown	https://images-na.ssl-images-amazon.com/images/M/MV5BZWZjYTYzNDgtNjg1MC00ZGU0LWIxNTUtOWY5MDg3NDQ2NmVjXkEyXkFqcGdeQXVyMTQxNzMzNDI@._V1_SX300.jpg	New World Pictures	G7ouC--Yr2E	1988	0.2
317	A mysterious diver hiding in Amsterdam's canal system embarks on a rampage of gruesome murders, terrifying city officials and leaving few clues for the city's best detective, who doesn't ...	Dick Maas	114	6.5	Dutch, Spanish, Mandarin, English	Amsterdamned	https://images-na.ssl-images-amazon.com/images/M/MV5BM2MzM2NlMzItNTgxNS00YmJhLTliMjUtODE0M2YxZDQzODY0XkEyXkFqcGdeQXVyMTMxMTY0OTQ@._V1_SX300.jpg	Vestron Video	XI2NgtpV8uk	1988	3.2
318	A group of gold thieves pull of a heist and flee into the snowy wilderness, only to be pursued by a horrible, spider-like monster.	Monte Hellman	72	4.1	English	Beast from Haunted Cave	https://images-na.ssl-images-amazon.com/images/M/MV5BNzQxMDkwN2QtYzBlYy00MDllLThiNzEtMWM5ZGMwNzViNmQ1XkEyXkFqcGdeQXVyMTE2NzA0Ng@@._V1_SX300.jpg	The Filmgroup	3hWlXT9HhFA	1959	6.3
319	Nightclub singer and her brother-in-law try to find her husband's killer.	Vincent Sherman	98	6.7	English	Affair in Trinidad	https://images-na.ssl-images-amazon.com/images/M/MV5BNzI1NDA1NjgtNTRiZS00ZDRhLThjOTItZjk3ZDgyNDgyNTgxXkEyXkFqcGdeQXVyMDI2NDg0NQ@@._V1_SX300.jpg	Columbia Pictures	yY1FTVL-KbY	1952	7.3
321	A young woman returns from Canada to the town in Philippines where she grew up, when a gold mine provided good income to the population, but with the mine company gone all she finds is ...	Lav Diaz	40	6.9	Tagalog, English	Butterflies Have No Memories	https://images-na.ssl-images-amazon.com/images/M/MV5BMzUyNTVhYjAtZWNiNC00Y2ViLThmNjAtOGUzMDRlNTg0MGMwXkEyXkFqcGdeQXVyMjYxMzY2NDk@._V1_SX300.jpg	N/A	xVr7GZ4KIvM	2009	6.2
322	Desperate to meet new girls, six down-on-their-luck guys come up with the ultimate plan to hook up - cast a fake movie. When tons of hot chicks show up for the audition, it's a matter of who's willing to go the farthest to get the part.	Jason Lockhart	94	5.0	English	Casting Couch	https://images-na.ssl-images-amazon.com/images/M/MV5BNzc5MDE2MTYzNV5BMl5BanBnXkFtZTcwNTIxNTEwOQ@@._V1_SX300.jpg	Angry Leo	s4gM4qhDn2o	2013	6.9
327	N/A	Raya Martin	95	6.2	N/A	Autohystoria	N/A	N/A	2j8iya7z_UA	2007	2.0
323	An evil leprechaun finds himself in Las Vegas, where he proceeds to cause mischief by killing people, granting twisted wishes, and infecting a young man with his green blood.	Brian Trenchard-Smith	90	4.9	English	Leprechaun 3	https://images-na.ssl-images-amazon.com/images/M/MV5BMWEzNWFkYTktZWRkNy00MGJlLWE2N2YtNzA4OTkwYWRmZDk0XkEyXkFqcGdeQXVyMTQxNzMzNDI@._V1_SX300.jpg	Trimark	D5yDKqWX1Uo	1995	8.5
329	The story of a nymphomaniac model with a somewhat older businessman husband. Although he is aware of his wife's many, many infidelities, it is unclear for a LONG time whether he is actually jealous of them or turned on	Mario Imperoli	82	4.8	Italian	My Wife, a Body to Love	https://images-na.ssl-images-amazon.com/images/M/MV5BYzU2YmY2NDMtODdjYi00ZmI3LThkMjItZWZmYzMyNmMxMDJlXkEyXkFqcGdeQXVyMTAxMDQ0ODk@._V1_SX300.jpg	N/A	CQ6p9YQ4PuI	1973	7.1
339	Hugo Pool is a quirky tale of a Los Angeles pool cleaner who falls in love with a young man dying of Lou Gerhig's Disease.	Robert Downey Sr.	92	5.2	English	Hugo Pool	https://images-na.ssl-images-amazon.com/images/M/MV5BMTY4ODk5NDkyOF5BMl5BanBnXkFtZTcwNzI3OTY0MQ@@._V1_SX300.jpg	Wellspring Media Inc.	e8Dn186y6Fk	1997	3.9
345	Ernest, a lovable loser who works as a summer camp handyman and dreams of becoming a guidance councilor, must find a way to inspire a group of juvenile delinquents as well as stop a shady strip mining company from closing the camp.	John R. Cherry III	92	5.5	English	Ernest Goes to Camp	https://images-na.ssl-images-amazon.com/images/M/MV5BMTM4NjU1ODY2Nl5BMl5BanBnXkFtZTcwNzI3NDgyMQ@@._V1_SX300.jpg	Buena Vista Pictures	Je3jfepymQM	1987	7.8
350	The Augustine Interfaith Order of Hellbound Saints, a team of blasphemous ministers who live in a constant state of debauchery, work to drag the worst of demons back to Hell.	J.T. Petty	85	4.8	English	Hellbenders	https://images-na.ssl-images-amazon.com/images/M/MV5BMjEzODI4MjQzMl5BMl5BanBnXkFtZTgwNzExNzIzMDE@._V1_SX300.jpg	Bloody Disgusting	bhpyUTho3vU	2012	2.0
355	Two young children living illegally in a model apartment outside Boston are left to fend for themselves when their hardworking mother disappears.	Tze Chun	86	6.6	English, Cantonese, Mandarin	Children of Invention	https://images-na.ssl-images-amazon.com/images/M/MV5BMjE5NDg0NDE2MV5BMl5BanBnXkFtZTcwODQzMjMyMg@@._V1_SX300.jpg	Independent Films	hjM3smRGJGo	2009	4.2
362	A never-before-seen woodsman mysteriously appears aboard a submarine that's been trapped deep under water for months with an unstable cargo. As the terrified crew make their way through the...	Guy Maddin, Evan Johnson(co-director)	130	6.2	English	The Forbidden Room	https://images-na.ssl-images-amazon.com/images/M/MV5BMTYzMTkyNjE4OF5BMl5BanBnXkFtZTgwMzU3MTQwNzE@._V1_SX300.jpg	N/A	pwKvz-wA3I0	2015	6.7
367	Otherworldly creatures inhabit the bootleg tunnels underneath a small town mining community, and they kill any of the townsfolk who invade their home.	James L. Conway	95	5.6	English	The Boogens	https://images-na.ssl-images-amazon.com/images/M/MV5BMDg2YWIyNmEtN2RkYS00YjBkLTliMzEtZGNhOTkyYzliMjljXkEyXkFqcGdeQXVyMTQxNzMzNDI@._V1_SX300.jpg	Jensen Farley Pictures	6bt1K7L2NGs	1981	9.6
379	When a gunman killed five Amish children and injured five others in a Nickel Mines, Pennsylvania schoolhouse shooting in October of 2006, the world media attention rapidly turned from the ...	Gregg Champion	89	7.1	English	Amish Grace	https://images-na.ssl-images-amazon.com/images/M/MV5BMTk3NDM4MjkyNl5BMl5BanBnXkFtZTcwMjI0MzkwMw@@._V1_SX300.jpg	Lifetime Movie Network	JFSNl54Wovc	2010	9.3
385	After a man dies in a car crash, he is reincarnated as a dog and attempts to reconnect with his family.	Carlo Carlei	96	6.7	English	Fluke	https://images-na.ssl-images-amazon.com/images/M/MV5BODM0ZTQ2ZGYtNmNlMi00OGU3LTgyMjQtYmVlOGNlYWQ2Y2Y3L2ltYWdlXkEyXkFqcGdeQXVyNjg4NzYzMzA@._V1_SX300.jpg	MGM Home Entertainment	4iQp5RXzvwk	1995	2.8
391	The tale of a hapless group of cabbies and a rundown cab company owned by Harold. Albert comes to town with a dream of starting his own cab company but needs to motivate Harold's employees ...	Joel Schumacher	100	5.4	English	D.C. Cab	https://images-na.ssl-images-amazon.com/images/M/MV5BODNmYjc2ZjYtODc1Ny00Mjk4LWIxMjItOGQwMzkyMDU3ODNiL2ltYWdlXkEyXkFqcGdeQXVyNzc5MjA3OA@@._V1_SX300.jpg	MCA Universal Home Video	YxlsO0jpxG0	1983	9.8
397	In London, England, love blooms between an American college student, named Lisa, and an English glaciologist, named Matt, where over the next few months in between attending rock concerts, the two lovers have intense sexual encounters.	Michael Winterbottom	71	4.9	English	9 Songs	https://images-na.ssl-images-amazon.com/images/M/MV5BMTM3ODc4MTI2OV5BMl5BanBnXkFtZTcwMTA4NjUzMQ@@._V1_SX300.jpg	Tartan Films (UK)	uyustVQJbJA	2004	0.9
404	After a twenty-year stay at an asylum for a double murder, a mother returns to her estranged daughter where suspicions arise about her behavior.	William Castle	93	6.8	English	Strait-Jacket	https://images-na.ssl-images-amazon.com/images/M/MV5BNTU1Yzc4MWItMjZmOS00OTgzLTlhOTEtMjMxYzYxOWJkNGNlXkEyXkFqcGdeQXVyNzc5MjA3OA@@._V1_SX300.jpg	Sony Pictures Entertainment	r4G7jwVJRnc	1964	5.6
415	A 14-year-old girl coming to terms with her sexuality, discovers that her adored older brother may be guilty of a series of bizarre sex crimes.	David Greene	105	6.9	English	I Start Counting	https://images-na.ssl-images-amazon.com/images/M/MV5BZWIyZGZjNmQtZGFhNS00NGUxLWExNzEtYzViNGUwN2E4MjNlXkEyXkFqcGdeQXVyMjI4MjA5MzA@._V1_SX300.jpg	United Artists	NjTdao4QCxY	1970	1.8
420	The fabled Spanish hero Rodrigo Diaz (a.k.a. El Cid) overcomes a family vendetta and court intrigue to defend Christian Spain against the Moors.	Anthony Mann	182	7.3	English, Latin	El Cid	https://images-na.ssl-images-amazon.com/images/M/MV5BNGY3N2E3NzYtMjgzMi00ZjA4LTg3YzUtN2ZiYjI1MGI2MWI2XkEyXkFqcGdeQXVyMjI4MjA5MzA@._V1_SX300.jpg	Miramax	1ZzCrkIf5Sc	1961	8.1
433	A novelist and a young horror fan attempt to save a small New England town which has been invaded by vampires.	Tobe Hooper	187	6.8	English	Salem's Lot	https://images-na.ssl-images-amazon.com/images/M/MV5BMzc0MDIwZjktYTEzNC00ZWQxLTk5MWYtYjBmMDI3YTg4ZjYzXkEyXkFqcGdeQXVyMTQxNzMzNDI@._V1_SX300.jpg	Warner Home Video	itgqj4okSv8	1979	3.7
324	Set in the 1930s Arab states at the dawn of the oil boom, the story centers on a young Arab prince torn between allegiance to his conservative father and modern, liberal father-in-law.	Jean-Jacques Annaud	130	6.7	English	Day of the Falcon	https://images-na.ssl-images-amazon.com/images/M/MV5BMTgzNzIxNzM5Nl5BMl5BanBnXkFtZTcwNDM5MjMwOQ@@._V1_SX300.jpg	Image Entertainment	p_L7URIZNhQ	2011	0.2
335	Two bumbling press agents must search for a zombie to fulfill a commitment to their ex-gangster boss's new nightclub or face the consequences.	Gordon Douglas	69	5.3	English	Zombies on Broadway	https://images-na.ssl-images-amazon.com/images/M/MV5BM2NmZTEwZTgtYjM3Zi00OTNiLWJjZmYtZmU3NjU0MjgyNGU0XkEyXkFqcGdeQXVyMzM4MjM0Nzg@._V1_SX300.jpg	RKO Radio Pictures	8Dz1D7WKcn4	1945	4.5
343	Everyone has a talent, and dreams do come true. Stacy Lancaster has an incredible knack for Blackjack. Once she joins up with daring Will Bonner the two young gamblers are on a non-stop ...	Jim Wilson	100	4.8	English	Stacy's Knights	https://images-na.ssl-images-amazon.com/images/M/MV5BMTU1NDI5MTg1MF5BMl5BanBnXkFtZTcwMzU3MjcxMQ@@._V1_SX300.jpg	Crown International Pictures	JQKIJCS-pFw	1983	3.7
349	Killer sharks invade the waters off the Florida coast as co-eds celebrate spring break.	Paul Shapiro	88	3.8	English	Spring Break Shark Attack	https://images-na.ssl-images-amazon.com/images/M/MV5BMTYxODc5NTE5M15BMl5BanBnXkFtZTcwMTkwODIzMQ@@._V1_SX300.jpg	Triple J Media	eYR4pjpJye0	2005	7.2
356	Sherlock Holmes and Dr Watson investigate the legend of a supernatural hound, a beast that may be stalking a young heir on the fog-shrouded moorland that makes up his estate.	Sidney Lanfield	80	7.6	English	The Hound of the Baskervilles	https://images-na.ssl-images-amazon.com/images/M/MV5BZWI4NTQ5MmItOGIwYi00YjdkLWJkYTgtNzMzOTk5YTU4MjJkXkEyXkFqcGdeQXVyMDI2NDg0NQ@@._V1_SX300.jpg	20th Century Fox	l4p5yJVbnvQ	1939	5.1
380	After the death of his brother, an expert street dancer goes to Georgia to attend Truth University. But his efforts to get an education and woo the girl he likes are sidelined when he joins...	Sylvain White	109	5.3	English	Stomp the Yard	https://images-na.ssl-images-amazon.com/images/M/MV5BMTU5NDA4NDE2Ml5BMl5BanBnXkFtZTcwNDMxMDIzMw@@._V1_SX300.jpg	Screen Gems	hvLzhK7Vatw	2007	1.2
392	Dark satire in which the token black man on the executive board of an advertising firm is accidentally put in charge. Renaming the business "Truth and Soul, Inc.", he replaces the tight ...	Robert Downey Sr.	84	7.0	English	Putney Swope	https://images-na.ssl-images-amazon.com/images/M/MV5BM2Y4ZGZiZTAtODYzZS00NGQ0LTkyYmYtNWY1Y2M0ZmY0NWJjL2ltYWdlXkEyXkFqcGdeQXVyNzM0MDQ1Mw@@._V1_SX300.jpg	Rhino Home Video	P3YZNJgHi7A	1969	9.4
403	An engineer trapped in an unhappy marriage murders his wife in the hope of marrying her younger sister.	Curtis Bernhardt	86	7.1	English	Conflict	https://images-na.ssl-images-amazon.com/images/M/MV5BMTc1OTkwNjMwM15BMl5BanBnXkFtZTgwNjc2MjcyMjE@._V1_SX300.jpg	Warner Bros. Pictures	K-oUOlNySY0	1945	2.7
409	Reeling from her husband's affair, Rose collides with a marooned teenager in a boarded-up Delaware beach town.	Alison Bagnall	92	5.8	English	The Dish & the Spoon	https://images-na.ssl-images-amazon.com/images/M/MV5BMzU5MTQ1NTYzNF5BMl5BanBnXkFtZTcwMzgyMTA3Nw@@._V1_SX300.jpg	Screen Media Ventures	2TAqXENo1rA	2011	5.7
428	When a toy manufacturer feels ignored and unappreciated by by his wife and children, he begins to rekindle a past love when a former employee comes back into his life.	Douglas Sirk	84	7.7	English	There's Always Tomorrow	https://images-na.ssl-images-amazon.com/images/M/MV5BZTFlNDA1YjItMzE1Ni00ZThhLThiZWMtMzQxOTkxMzg0NjYxXkEyXkFqcGdeQXVyMzgzMjc3OTQ@._V1_SX300.jpg	Universal Pictures	clgI3jvwZzw	1956	4.3
434	An expedition seeking to bring Jane back to civilization, and Tarzan into captivity, gets more than it's bargained for.	Richard Thorpe, John Farrow, James C. McKay, George B. Seitz, William A. Wellman	89	7.0	English	Tarzan Escapes	https://images-na.ssl-images-amazon.com/images/M/MV5BMjI4OTc5Mjc0Nl5BMl5BanBnXkFtZTgwNzc1ODgwMzE@._V1_SX300.jpg	WARNER BROTHERS PICTURES	6lyvteyGqRk	1936	1.0
440	In 1880 New Mexico, during a feud between cattle growers, former childhood friends Billy the Kid and Jim Sherwood end-up working for opposite sides.	David Miller, Frank Borzage	94	5.7	English	Billy the Kid	https://images-na.ssl-images-amazon.com/images/M/MV5BZWI5ZTQ3ZGEtYzlmMS00ZTFhLWFjNzAtZmRhNmJhZjE4MmU3XkEyXkFqcGdeQXVyNzc5MjA3OA@@._V1_SX300.jpg	Warner Bros.	LSwyMHmLydQ	1941	5.0
325	A young Russian boy, Thomas Minton, travels to New York as a passenger on a Russian freighter. Close to Ellis Island he gets off and thus starts his journey to America the same way as all ...	Stephen Low	51	6.4	English, Russian	Across the Sea of Time	https://images-na.ssl-images-amazon.com/images/M/MV5BOTIwMzk1MDc1MF5BMl5BanBnXkFtZTcwMTEzNDkyMQ@@._V1_SX300.jpg	Sony Pictures Classics	CYWtLEJg_OY	1995	6.2
338	Seth and Jonah are twins with a dangerous ability: telepathy. Things start to spiral out of their control as their classmates end up dying in twisted and bizarre ways. The police suspect ...	Antonio Negret	89	5.7	English	Seconds Apart	https://images-na.ssl-images-amazon.com/images/M/MV5BMTYyNzUwMDg4MF5BMl5BanBnXkFtZTcwMjMzNjM1NA@@._V1_SX300.jpg	AfterDark Films	Ka9cC8q7iR4	2011	2.8
342	Zou Zou tries to help her childhood friend prove his innocence after he's accused of murder.	Marc Allégret	92	6.6	English, French	Zouzou	https://images-na.ssl-images-amazon.com/images/M/MV5BMTQxODkzNDI3MF5BMl5BanBnXkFtZTgwOTM1MTA5MTE@._V1_SX300.jpg	Kino International Corp.	MWH8In39wvk	1934	4.6
347	Southern action drama film about cockfighting.	Monte Hellman	83	7.3	English	Cockfighter	https://images-na.ssl-images-amazon.com/images/M/MV5BYzY2MDYwOGUtNDM0Ny00NDc5LWE0Y2ItNDQzOTMzMTU5MzE0XkEyXkFqcGdeQXVyMjI4MjA5MzA@._V1_SX300.jpg	N/A	cCl4TEfQGu0	1974	0.7
353	The Frake family attends the annual Iowa State Fair; each member of the clan has their own reason for doing so.	Walter Lang	100	7.1	English	State Fair	https://images-na.ssl-images-amazon.com/images/M/MV5BY2U0MmMxNzUtZDQzMC00MGFkLTk5ZmMtOTE2NzM1YTg2OTk2XkEyXkFqcGdeQXVyNjE5MjUyOTM@._V1_SX300.jpg	20th Century Fox	nApAMA-eO7A	1945	0.2
377	A group of hapless victims celebrate a birthday on an island estate crawling with killer amphibians, birds, insects, and reptiles.	George McCowan	91	4.3	English	Frogs	https://images-na.ssl-images-amazon.com/images/M/MV5BMmRkYzcxZDAtMWJhZC00ZGU5LWE1MDYtOGM1M2ZkNjBhZGUxXkEyXkFqcGdeQXVyNjgzNDU2ODI@._V1_SX300.jpg	American International Pictures (AIP)	9OTaIzBPxtk	1972	4.5
383	A wicked troll king in search of a mystical ring that will return him to his human form invades a San Francisco apartment complex where a powerful witch lives.	John Carl Buechler	82	4.3	English	Troll	https://images-na.ssl-images-amazon.com/images/M/MV5BNjA4MjZkZTEtOTIwNS00ZmNkLWEwODYtYTY2YjMxZWU2ZGY0XkEyXkFqcGdeQXVyMTQxNzMzNDI@._V1_SX300.jpg	Empire Pictures	-JrmQl3E9zk	1986	6.7
396	The rising college nerds set out to a convention in Florida, but are not welcomed by the Alpha Beta representatives.	Joe Roth	88	4.9	English	Revenge of the Nerds II: Nerds in Paradise	https://images-na.ssl-images-amazon.com/images/M/MV5BYThmOGViMjQtYjYwMS00ZmI5LWEwNjMtNmQ5YzhmYWY5NTAyXkEyXkFqcGdeQXVyMTQxNzMzNDI@._V1_SX300.jpg	Twentieth Century Fox Home Entertainment	h1XXfRwh66w	1987	4.3
402	When Lex Luthor gets elected US President, he uses the threat of an oncoming kryptonite meteor striking Earth as a rationale to frame Superman.	Sam Liu	67	7.2	English	Superman/Batman: Public Enemies	https://images-na.ssl-images-amazon.com/images/M/MV5BZDc5NTFiMzgtZWJiOS00N2M1LWJmOGYtZmNjMzFhMzcxZjRiXkEyXkFqcGdeQXVyNTAyODkwOQ@@._V1_SX300.jpg	WARNER BROTHERS PICTURES	pKN2AToJ84g	2009	2.4
407	In a city rife with injustice, ex-cop Billy Taggart seeks redemption and revenge after being double-crossed and then framed by its most powerful figure: Mayor Nicholas Hostetler.	Allen Hughes	109	6.2	English, Spanish	Broken City	https://images-na.ssl-images-amazon.com/images/M/MV5BMTY4OTIwODg4Ml5BMl5BanBnXkFtZTcwNjg0MDY1OA@@._V1_SX300.jpg	20th Century Fox	wLZHLIk3YMI	2013	7.7
419	A biography of the civil-rights activist and labor organizer Cesar Chavez.	Diego Luna	102	6.4	English, Spanish	Cesar Chavez	https://images-na.ssl-images-amazon.com/images/M/MV5BMTM5NTkyOTMxN15BMl5BanBnXkFtZTgwODA1MDYwMTE@._V1_SX300.jpg	Pantelion Films	zeo-q-8MOQ4	2014	9.5
425	Those bumbling cadets take to the streets when three inept goons successfully orchestrate a metropolitan crime wave.	Peter Bonerz	84	4.2	English	Police Academy 6: City Under Siege	https://images-na.ssl-images-amazon.com/images/M/MV5BZDg4YWQ2MTQtYTlhNC00NDA3LTg2NWMtZTNjODY1Yzc2NmRmL2ltYWdlL2ltYWdlXkEyXkFqcGdeQXVyMTQxNzMzNDI@._V1_SX300.jpg	Warner Home Video	EKKKpOaQ_gs	1989	1.0
431	The Bride continues her quest of vengeance against her former boss and lover Bill, the reclusive bouncer Budd and the treacherous, one-eyed Elle.	Quentin Tarantino	137	8.0	English, Cantonese, Mandarin, Spanish	Kill Bill: Vol. 2	https://images-na.ssl-images-amazon.com/images/M/MV5BNmFiYmJmN2QtNWQwMi00MzliLThiOWMtZjQxNGRhZTQ1MjgyXkEyXkFqcGdeQXVyNzQ1ODk3MTQ@._V1_SX300.jpg	Miramax Films	WTt8cCIvGYI	2004	5.8
439	A process server tries to serve an elusive female target.	Reginald Hudlin	99	5.3	English, Spanish	Serving Sara	https://images-na.ssl-images-amazon.com/images/M/MV5BNDJkN2MyMjUtMjJhNi00Mzc1LTkzYzUtNWI5NGQzZGIwOWM3XkEyXkFqcGdeQXVyMTQxNzMzNDI@._V1_SX300.jpg	Paramount Pictures	yH5LUdNfKb0	2002	4.4
326	For as long as she could remember, Dakota Skye has been cursed with a super power. She has the ability to see the truth in any lie she hears. From small, harmless white lies, to the more ...	John Humber	89	6.6	English	Dakota Skye	https://images-na.ssl-images-amazon.com/images/M/MV5BMTc1MzYwODU0OF5BMl5BanBnXkFtZTcwMjUzMjY2MQ@@._V1_SX300.jpg	N/A	dqxP96T7HiM	2008	4.9
331	A pack of naïve teenagers conspire to murder a mutual friend, whose aggressive demeanor has proved too much.	Larry Clark	108	7.0	English	Bully	https://images-na.ssl-images-amazon.com/images/M/MV5BNGY2NjNkYjEtY2M5Ni00NzQwLTk1MjctYjEzOWFmNWE2NGZjL2ltYWdlXkEyXkFqcGdeQXVyMTQxNzMzNDI@._V1_SX300.jpg	Lions Gate Films	88KNf0MtU14	2001	5.3
336	Jesse Stone (Selleck) is a New England police chief investigating a series of murders, in an adaptation of Robert B. Parker's novel.	Robert Harmon	87	7.2	English	Jesse Stone: Stone Cold	https://images-na.ssl-images-amazon.com/images/M/MV5BNTk3MDQ5NDI5OV5BMl5BanBnXkFtZTgwMjE4ODkwMzE@._V1_SX300.jpg	Sony Pictures Home Entertainment	NX1ESaJmMoQ	2005	9.9
351	A man looks back 15 years to the injury that ended his career as a promising high-school football player.	Don Handfield	118	6.5	English	Touchback	https://images-na.ssl-images-amazon.com/images/M/MV5BMTc4OTk4MDI1MF5BMl5BanBnXkFtZTcwNDExNTg0Nw@@._V1_SX300.jpg	Anchor Bay Entertainment	J0rAWFJ3KFc	2011	7.7
357	U.S. Marshal Carrie Stetko tracks a killer in Antarctica, as the sun is about to set for six months.	Dominic Sena	101	5.5	English, Russian	Whiteout	https://images-na.ssl-images-amazon.com/images/M/MV5BNTEyMDgwNzU1NF5BMl5BanBnXkFtZTcwMDkxMzI4Mg@@._V1_SX300.jpg	Warner Bros. Pictures	GqxjF9qR5Cg	2009	3.0
369	In a post-apocalyptic wasteland where a tribe of women rule and all men are either ferals or slaves, one man rises up to free the men. Can they coexist in peace or will they die in war?	David Engelbach	92	4.4	English	America 3000	https://images-na.ssl-images-amazon.com/images/M/MV5BYjJhZWIyNWEtYzI4Yy00Y2E3LTk4YTEtOWYxNTExNTNkZjVlXkEyXkFqcGdeQXVyMTQxNzMzNDI@._V1_SX300.jpg	MGM Home Entertainment	yUzIEQwlm8g	1986	1.7
382	Two conartists swindle a Los Angeles department store out of a mink coat, cheat a pawnbroker out of $8000 and leave the police baffled.	Andrew L. Stone	81	6.0	English	Confidence Girl	https://images-na.ssl-images-amazon.com/images/M/MV5BMTcyNzc5OTc1NV5BMl5BanBnXkFtZTgwMzQ1Nzk1MDE@._V1_SX300.jpg	United Artists	XjJQBjWYDTs	1952	7.8
387	John is sent in to recover a stolen Stealth Bomber. His trusty sidekick Rojar and ever faithful Jessica fight the rebel forces of Banansistan, led by the vivacious Ellianna.	Michael Keusch	98	3.6	English	Flight of Fury	https://images-na.ssl-images-amazon.com/images/M/MV5BMTMxNDA4MDUxOV5BMl5BanBnXkFtZTcwODEyMTc0MQ@@._V1_SX300.jpg	Sony Pictures Home Entertainment	Fsx6XdLznEI	2007	1.6
399	A film star comes face-to-face with an uncomfortable reflection of herself while starring in a revival of the play that launched her career.	Olivier Assayas	124	6.8	English, French, German, Swiss German	Clouds of Sils Maria	https://images-na.ssl-images-amazon.com/images/M/MV5BMjAwMTg3MDE0NF5BMl5BanBnXkFtZTgwNjQ1ODQyNTE@._V1_SX300.jpg	IFC Films	PbVHlm7RcDs	2014	4.5
411	A con artist masquerades a Russian nobility and attempts to seduce the wife of an American diplomat.	Erich von Stroheim	117	7.3	English	Foolish Wives	https://images-na.ssl-images-amazon.com/images/M/MV5BMTk2NDkxMTY1Nl5BMl5BanBnXkFtZTgwNDI1NDU5MTE@._V1_SX300.jpg	Universal Pictures	JKWOKIDt5GM	1922	9.3
435	Rick and Fred, two husbands who are having difficulty in their marriages, are given a Hall Pass by their wives: for one week, they can do whatever they want.	Bobby Farrelly, Peter Farrelly	105	5.9	English	Hall Pass	https://images-na.ssl-images-amazon.com/images/M/MV5BMTc4MzIxNTYwNl5BMl5BanBnXkFtZTcwNzE4MjE0NA@@._V1_SX300.jpg	Warner Bros. Pictures	NF9CPtD_UsI	2011	2.0
441	A grieving doctor is being contacted by his late wife through his patients' near death experiences.	Tom Shadyac	104	6.1	English, Spanish	Dragonfly	https://images-na.ssl-images-amazon.com/images/M/MV5BNjNhYWZjN2EtNTI5ZC00ZjE5LTgwMDYtOGZmNmM3MDBjZGZmXkEyXkFqcGdeQXVyMTQxNzMzNDI@._V1_SX300.jpg	Universal Pictures	_fglzCnPlec	2002	1.7
519	A young woman who was missing reappears, but she claims to be someone else entirely.	Chris Sivertson	105	3.6	English	I Know Who Killed Me	https://images-na.ssl-images-amazon.com/images/M/MV5BMTQzZDA4MzMtNWIwOS00YzgxLWEyZjItZTNjYzM3NzBjNTBkXkEyXkFqcGdeQXVyMTQxNzMzNDI@._V1_SX300.jpg	TriStar Pictures	6LaOV87bBmY	2007	3.2
446	Twenty-four hours in the tentative relationship of two young San Franciscans also dealing with the conundrum of being a minority in a rapidly gentrifying city.	Barry Jenkins	88	6.7	English	Medicine for Melancholy	https://images-na.ssl-images-amazon.com/images/M/MV5BNTM4MDUwMDg2NF5BMl5BanBnXkFtZTcwMTc2MzcyMg@@._V1_SX300.jpg	IFC Films	bMb8xziXXqg	2008	6.6
328	A free-spirited 15-year-old girl flirts with a dangerous stranger in the Northern California suburbs and must prepare herself for the frightening and traumatic consequences.	Joyce Chopra	92	6.3	English	Smooth Talk	https://images-na.ssl-images-amazon.com/images/M/MV5BMTQwNDI2ODc2NV5BMl5BanBnXkFtZTcwMjM0MTcyMQ@@._V1_SX300.jpg	Live Home Video	k6B_BEmo7ws	1985	2.6
334	A movie spun out of equal parts folk tale, fable and real-life legend about the mysterious, 1930s Tennessee hermit who famously threw his own rollicking funeral party... while he was still alive.	Aaron Schneider	103	7.1	English	Get Low	https://images-na.ssl-images-amazon.com/images/M/MV5BMTY3MjUxNDUwNl5BMl5BanBnXkFtZTcwNzk1NDk1Mw@@._V1_SX300.jpg	Sony Pictures Classics	I755U1Par9w	2009	5.5
340	In a dystopic and crime-ridden Detroit, a terminally wounded cop returns to the force as a powerful cyborg haunted by submerged memories.	Paul Verhoeven	102	7.5	English	RoboCop	https://images-na.ssl-images-amazon.com/images/M/MV5BZWVlYzU2ZjQtZmNkMi00OTc3LTkwZmYtZDVjNmY4OWFmZGJlXkEyXkFqcGdeQXVyMTQxNzMzNDI@._V1_SX300.jpg	Orion Pictures Corporation	UuVphAuRo7Q	1987	1.3
346	A new English teacher at a violent, unruly inner-city school is determined to do his job, despite resistance from both students and faculty.	Richard Brooks	101	7.4	English	Blackboard Jungle	https://images-na.ssl-images-amazon.com/images/M/MV5BZDRhOTM5ZDgtNWQ3ZS00NWI4LTkxM2ItOWZkNTIxMTFlM2NlXkEyXkFqcGdeQXVyMDI2NDg0NQ@@._V1_SX300.jpg	MGM Home Entertainment	HA0_NRjx9KQ	1955	5.3
352	Three intercut stories about outsiders, sex and violence. In "Hero," Richie, at age 7, kills his father and flies away. After the event, a documentary in cheesy lurid colors asks what ...	Todd Haynes	85	6.5	English	Poison	https://images-na.ssl-images-amazon.com/images/M/MV5BNjY1Njk3MTA4Ml5BMl5BanBnXkFtZTcwMzQ2Mzk2NQ@@._V1_SX300.jpg	Zeitgeist Films	htL6liegNVk	1991	8.4
370	A mercenary is hired to rescue his ex-girlfriend, a singer who has been kidnapped by a motorcycle gang.	Walter Hill	93	6.7	English	Streets of Fire	https://images-na.ssl-images-amazon.com/images/M/MV5BYmJhZjAwOGYtNDAwNS00OTU3LWI5ZGMtMWJkZTQ3M2M5MDdmXkEyXkFqcGdeQXVyMjI4MjA5MzA@._V1_SX300.jpg	MCA Universal Home Video	lEOvn2IaLMM	1984	1.8
384	A chess grandmaster is in a big tournament, and when his lover is found painted up and the blood drained out of her body he becomes a chief suspect. After he gets a call from the killer ...	Carl Schenkel	108	6.1	English	Knight Moves	https://images-na.ssl-images-amazon.com/images/M/MV5BMTY2Njc1MzI5OF5BMl5BanBnXkFtZTcwMDkwNzUyMQ@@._V1_SX300.jpg	Republic Pictures Home Video	ys1_XKoUydY	1992	3.6
390	Six ordinary Matoran are chosen to become Toa, guardians of the legendary city of Metru Nui. But as they accustom to their new role, conflicts quickly arise between them, and a sinister plot is set in motion right under their noses.	David Molina, Terry Shakespeare	75	6.1	English	Bionicle 2: Legends of Metru Nui	https://images-na.ssl-images-amazon.com/images/M/MV5BMTkzODUwODcxOV5BMl5BanBnXkFtZTcwMTUyODYyMQ@@._V1_SX300.jpg	Creative Capers Entertainment	cwNQ2m80TPQ	2004	7.0
395	A young woman looks to escape her abusive life by moving to a friend's farm near Atlanta. Unfortunately, she learns her place of supposed comfort offers more terrifying forms of abuse.	Stewart Hopewell	96	4.6	English	Slaughter	https://images-na.ssl-images-amazon.com/images/M/MV5BMjU2MzQyMzM1M15BMl5BanBnXkFtZTcwNjQ3ODk5NA@@._V1_SX300.jpg	After Dark Films	MWFCp8coCJc	2009	2.6
401	A small-town English widow, facing financial troubles after her husband's suicide, turns to agriculture of an illegal kind.	Nigel Cole	93	6.9	English, French	Saving Grace	https://images-na.ssl-images-amazon.com/images/M/MV5BY2YyNGQyMmEtOGIwOS00N2QyLWFlNzEtNjRjYzFmMjJmY2M5XkEyXkFqcGdeQXVyNDk3NzU2MTQ@._V1_SX300.jpg	Fine Line Features	-n8rHwtoEwo	2000	6.9
410	Alex and Elliot an unlikely pair connect to write a film about a New York cop working undercover as a fashion model.	Christopher Livingston	108	6.7	English, Hebrew	Hit and Runway	https://images-na.ssl-images-amazon.com/images/M/MV5BMTgxNzEyODM1M15BMl5BanBnXkFtZTcwMjQ1NjIyMQ@@._V1_SX300.jpg	Lot 47 Films	nd7GM7rT2no	1999	2.0
416	A tough as nails private investigator (Malone) squares off with gangsters and their thugs to protect a valuable secret. Malone goes through hell to protect the information but he dishes some hell as well...	Russell Mulcahy	96	6.0	English	Give 'em Hell Malone	https://images-na.ssl-images-amazon.com/images/M/MV5BNjk4Njc2NjgwOF5BMl5BanBnXkFtZTcwNTg0MjIyMw@@._V1_SX300.jpg	N/A	Y9MJXSePl_A	2009	4.6
421	After he's institutionalized in order to cover for his sister, a young man encounters a doctor who is turning his patients into flesh-eating psychopaths.	Jeff Buhler	89	5.1	English	Insanitarium	https://images-na.ssl-images-amazon.com/images/M/MV5BMTYzMTI4NzEzMV5BMl5BanBnXkFtZTcwNTY3NjY3MQ@@._V1_SX300.jpg	Sony Pictures Home Entertainment	My8IJ-Ngs1A	2008	4.8
432	Young Soviet Army recruits are stuck in the bloody war in Afghanistan, that was started by politicians.	Fedor Bondarchuk	139	7.2	Russian	9th Company	https://images-na.ssl-images-amazon.com/images/M/MV5BMTI3NjczMjA3MV5BMl5BanBnXkFtZTcwNTQ1MzgyMw@@._V1_SX300.jpg	Contender Entertainment Group	TcHD9VEQ7C8	2005	2.8
438	A suburban housewife learns that she has psychic connections to a serial killer, and can predict this person's motives through her dreams.	Neil Jordan	100	5.5	English	In Dreams	https://images-na.ssl-images-amazon.com/images/M/MV5BZmU2MzgxZWItOTI4Ni00NTk2LWI3NGMtZDUwZjNlYmNlYTBiXkEyXkFqcGdeQXVyMTQxNzMzNDI@._V1_SX300.jpg	Dreamworks	YrRlBd0IDOo	1999	3.6
332	Fabius loves his beautiful but vulnerable city, Rome, and he also loves his beautiful but invulnerable fiancée, Amytis. Fascinated by the tales she has heard about Hannibal, who is about to...	George Sidney	95	5.9	English	Jupiter's Darling	http://ia.media-imdb.com/images/M/MV5BOTNlY2U5M2YtOWFmMy00NzdkLThmYmMtNmM4MjE2NWE0NGVmXkEyXkFqcGdeQXVyMTIxOTk5MzY@._V1_SX300.jpg	MGM	4MZ_9LMZnek	1955	5.3
337	Paul Miller, a self-described "failed actor," sets out for his final act and his ultimate role: the last two days of his life ending with his suicide on tape. He tries to reunite with old ...	Sean McGinly	87	6.5	English	Two Days	https://images-na.ssl-images-amazon.com/images/M/MV5BODYxMDA4MDAzMF5BMl5BanBnXkFtZTcwNTQ0MDYyMQ@@._V1_SX300.jpg	Hart Sharp Video	Tb3zBq6gVRk	2003	10.0
341	In 1844, after the assassination of Mormon leader Joseph Smith by an angry mob in Illinois, the Mormons choose Brigham Young as their new leader and follow him to a new promised land in Utah.	Henry Hathaway	114	6.4	English	Brigham Young	https://images-na.ssl-images-amazon.com/images/M/MV5BM2M0NmE3ZDYtNDBhNS00MjVmLWFiMzEtOWY4YzFkYzQ3ZWU2L2ltYWdlL2ltYWdlXkEyXkFqcGdeQXVyNjQzNDI3NzY@._V1_SX300.jpg	20th Century Fox Film Corporation	OAGJJ2vqjPk	1940	7.4
348	An anonymous love letter left in Michael's locker on the last day of school wreaks havoc on his life, and the lives of everyone who come in contact with it.	David Greenwalt	90	6.5	English	Secret Admirer	https://images-na.ssl-images-amazon.com/images/M/MV5BMTU4NTcwNzYyMV5BMl5BanBnXkFtZTcwNDMxMTE3NA@@._V1_SX300.jpg	HBO Video	cf_oOfCt4cU	1985	5.2
354	Ann, an attractive widowed New York model, lives in an apartment with her daughter Peggy. The courtship of Ann by visiting engineer Larry, and accompanying misadventures, are seen ...	Morris Engel, Ruth Orkin	82	7.2	English	Lovers and Lollipops	https://images-na.ssl-images-amazon.com/images/M/MV5BMTc4OTY4ODMwNl5BMl5BanBnXkFtZTcwMDk1NDM3MQ@@._V1_SX300.jpg	Spires	Hktj1B-obeU	1956	9.9
360	N/A	Phil Mulloy	3	6.3	English	Cowboys: The Conformist	N/A	N/A	QWZO1GLMD2Y	1991	9.5
365	Space Marines are sent to investigate strange events at a research facility on Mars but find themselves at the mercy of genetically enhanced killing machines.	Andrzej Bartkowiak	105	5.2	English, Japanese	Doom	https://images-na.ssl-images-amazon.com/images/M/MV5BMTgzNTEyNjAyNV5BMl5BanBnXkFtZTcwODk0ODIzMQ@@._V1_SX300.jpg	Universal Pictures	RO90omga8D4	2005	3.6
371	During a routine hit, "Boots" Mason (Gary Stretch) learns a hit has been placed on his own life when a crooked cop, Dunn (Vinnie Jones), tries to kill him. While seeking his revenge, ...	Marcus Warren	102	5.1	English	The Heavy	https://images-na.ssl-images-amazon.com/images/M/MV5BMTkwOTUyODU3OF5BMl5BanBnXkFtZTgwNzExODg0MDE@._V1_SX300.jpg	Heavy Productions	8Pn2iqn1ypk	2010	8.7
376	Film is a collection of several interlinked stories that happen on the New Year's eve.	Aleksandr Baranov, Levan Gabriadze, Dmitriy Kiselev, Aleksandr Kott	106	6.5	Russian	Yolki 2	https://images-na.ssl-images-amazon.com/images/M/MV5BMjEyMTE1NDg3NF5BMl5BanBnXkFtZTgwMDI5NzkxNDE@._V1_SX300.jpg	N/A	ylAfpRKeT-k	2011	2.1
381	An agoraphobic father teams up with a renegade priest to save his daughter from the clutches of a gang of twisted feral children who committed an act of violence against his family years earlier.	Ciarán Foy	84	5.5	English	Citadel	https://images-na.ssl-images-amazon.com/images/M/MV5BMzIwMTQ2NTAyM15BMl5BanBnXkFtZTcwNDIzMjQ0OA@@._V1_SX300.jpg	Cinedigm Entertainment	1Tadj21oVNo	2012	5.9
388	A space salvage expert and his partner become involved with a group of criminals intent on hijacking a small asteroid made of sapphire and crashing it into the moon for later recovery. The ...	Roy Ward Baker	100	4.2	English	Moon Zero Two	https://images-na.ssl-images-amazon.com/images/M/MV5BYjJmZDY1MDUtODgyMi00ZDM4LTliZjgtZjU4YjM3NWI5YTEwL2ltYWdlXkEyXkFqcGdeQXVyMTg2NjYzOA@@._V1_SX300.jpg	WARNER BROTHERS PICTURES	1rAb_jEskqs	1969	9.7
400	A doctor's wife tires of his obsession with model trains, and spends her days wondering about the son she gave up for adoption at birth. While eating at a roadside cafe, she encounters a ...	Nicolas Roeg	90	5.9	English	Track 29	https://images-na.ssl-images-amazon.com/images/M/MV5BMjE4MzcyMzUzN15BMl5BanBnXkFtZTcwMDQ4MTYyMQ@@._V1_SX300.jpg	Cannon Home Video	ftag2GPUlZs	1988	1.8
406	A man must survive a prison where hardened criminals battle to the death for the wardens' entertainment.	Ringo Lam	98	6.3	English	In Hell	https://images-na.ssl-images-amazon.com/images/M/MV5BZTk2MzA3MmYtODEzYS00MGIzLThjMTktMWZkYjZhNTBlN2RlXkEyXkFqcGdeQXVyMDI4NjM1MQ@@._V1_SX300.jpg	Sony Pictures Home Entertainment	yQ139icQk6E	2003	9.1
412	At 2:37, someone commits suicide in the school lavatory. The day is told up to that point from the viewpoint of six different students.	Murali K. Thalluri	91	6.9	English	2:37	https://images-na.ssl-images-amazon.com/images/M/MV5BMTgxNjU2MjQzNl5BMl5BanBnXkFtZTcwOTk2NDc0MQ@@._V1_SX300.jpg	Roadshow Entertainment	qo16TPTmc7E	2006	3.2
418	An altar boy is accused of murdering a priest, and the truth is buried several layers deep.	Gregory Hoblit	129	7.7	English, Spanish	Primal Fear	https://images-na.ssl-images-amazon.com/images/M/MV5BNTljMTEwMGUtYzUyMi00Y2U4LTk3ZDItYWRlNTA5NjkyMjU1XkEyXkFqcGdeQXVyNTA4NzY1MzY@._V1_SX300.jpg	Paramount Pictures	PnmTi7hSjrA	1996	9.8
424	When a group of tourists on a New Orleans haunted swamp tour find themselves stranded in the wilderness, their evening of fun and spooks turns into a horrific nightmare.	Adam Green	85	5.7	English	Hatchet	https://images-na.ssl-images-amazon.com/images/M/MV5BMTU1MTY2MzUxM15BMl5BanBnXkFtZTcwMjM4NjE1MQ@@._V1_SX300.jpg	Anchor Bay Entertainment	3C33S_cqiJ8	2006	7.2
430	The story of the first blind man ever to reach the top of Mount Everest.	Peter Winther	89	6.5	English	Touch the Top of the World	https://images-na.ssl-images-amazon.com/images/M/MV5BNzY3MTk3OTE2MF5BMl5BanBnXkFtZTcwNjcyNDIzMg@@._V1_SX300.jpg	Sony Pictures Home Entertainment	HamX7BkqcbE	2006	3.2
442	A street-toughened parole finds his two boys abandoned by their mum and fending for themselves. Time to step up, or not.	Dexter Fletcher	98	7.2	English	Wild Bill	https://images-na.ssl-images-amazon.com/images/M/MV5BMTg5NzQ1Mzg5N15BMl5BanBnXkFtZTcwMzM5OTc0Nw@@._V1_SX300.jpg	Cinedigm	zo5IaRnKyFk	2011	3.8
447	A story about the Latvian basketball team, which won the first-ever European Championships in 1935 and its enthusiastic head coach Valdemars Baumanis.	Aigars Grauba	120	8.0	Latvian, English	Dream Team 1935	https://images-na.ssl-images-amazon.com/images/M/MV5BMTg2NjEwMzE3MF5BMl5BanBnXkFtZTcwMDE1NDExOQ@@._V1_SX300.jpg	N/A	yDM0U2Lyrcg	2012	3.4
444	The Szalinski family is back, this time hilarious disaster strikes when an experiment causes their new toddler son to grow many stories tall.	Randal Kleiser	89	4.7	English	Honey I Blew Up the Kid	https://images-na.ssl-images-amazon.com/images/M/MV5BYTg0OTY1NjctYTdkNi00Zjg3LWIyMDYtY2NjZTczNGM3NmJmXkEyXkFqcGdeQXVyMTQxNzMzNDI@._V1_SX300.jpg	N/A	k3TYpGyH4JU	1992	4.1
448	The story of Washington D.C. radio personality Ralph "Petey" Greene, an ex-con who became a popular talk show host and community activist in the 1960s.	Kasi Lemmons	118	7.4	English	Talk to Me	https://images-na.ssl-images-amazon.com/images/M/MV5BMTIwODE3NzM4Nl5BMl5BanBnXkFtZTcwNjUzNTg0MQ@@._V1_SX300.jpg	Focus Features	WzvLkuJbTFk	2007	1.3
450	Based on a true story, this compelling drama relates the difficulties of a young woman married to a Japanese diplomat during World War II, victim of suspicion and animosity from her husband's government.	Etienne Périer	113	7.3	English, Japanese	Bridge to the Sun	https://images-na.ssl-images-amazon.com/images/M/MV5BMjE2NDM0NjAwN15BMl5BanBnXkFtZTgwODg4Nzk1MDE@._V1_SX300.jpg	Warner Home Video	wPruGJNVRl0	1961	6.5
456	A dentist is cast into limbo after her death in a bike accident and is given the assignment to act as The Tooth Fairy as her action to be admitted into heaven.	Melanie Mayron	92	6.0	English	Toothless	https://images-na.ssl-images-amazon.com/images/M/MV5BMTIxNjg2NzU4NF5BMl5BanBnXkFtZTcwNzY5OTkxMQ@@._V1_SX300.jpg	Mandeville Films	IuS88bCN__8	1997	0.6
462	During the Vietnam War, Colonel Hambleton's aircraft is shot down over enemy territory and a frantic rescue operation ensues.	Peter Markle	105	6.4	English	Bat*21	https://images-na.ssl-images-amazon.com/images/M/MV5BYzgyMDVlMGUtZDAzNy00MmM3LWE5MDgtNzkxOGMyYTkxNDlhL2ltYWdlXkEyXkFqcGdeQXVyNjQzNDI3NzY@._V1_SX300.jpg	Media Home Entertainment	wQht2kTPDXQ	1988	2.6
469	In a world where two men in close proximity will eventually draw guns, Rico "BULLET" Burke finds himself at a crossroads. Having long ago ruined his brilliant collegiate football career ...	George Mendeluk	80	6.1	English	Men of Means	https://images-na.ssl-images-amazon.com/images/M/MV5BODlkM2RlZjgtY2Q2Yi00MzA0LWIyZWYtMDYxMTdmODQ0ZWRkXkEyXkFqcGdeQXVyMjAyOTg5Njg@._V1_SX300.jpg	York	oleuD8479uM	1998	7.1
480	When a solider in the middle east gets wounded in the line of duty, he is teleported to the planet Barsoom. There, he must face the hostile aliens to fight for his survival again.	Mark Atkins	93	3.1	English	Princess of Mars	https://images-na.ssl-images-amazon.com/images/M/MV5BMTM5Mjk5MDI1NF5BMl5BanBnXkFtZTcwMDk4MzI1Mw@@._V1_SX300.jpg	The Global Asylum	FvL5sqGX1nk	2009	3.8
487	A true tale of love, liberty and scandal amongst the Edwardian artists' colony in Cornwall	Christopher Menaul	100	5.6	English	Summer in February	https://images-na.ssl-images-amazon.com/images/M/MV5BMjMwODI0NDAyNF5BMl5BanBnXkFtZTgwMTI1NDM5MDE@._V1_SX300.jpg	Tribeca Film	O-lLMwD7dXw	2013	2.3
492	N/A	Saul Landau, Raoul Ruiz, Nina Serrano	90	7.1	English, Spanish	¡Qué hacer!	N/A	N/A	l56IgkJUOqM	1972	1.2
498	Dive with some unforgettable Disney characters as Professor Owl and Professor Ludwig Von Drake take you to a Sing-Along on some watery tunes with on-screen lyrics. Each Disney song is ...	N/A	28	7.8	English	Disney Sing-Along-Songs: Under the Sea	https://images-na.ssl-images-amazon.com/images/M/MV5BMWJjNmEwZWMtZGE4Yi00Njc2LWIxMGYtMzljNjRkNmZjMDAxXkEyXkFqcGdeQXVyMzM4MjM0Nzg@._V1_SX300.jpg	N/A	BdXMHBZpB7k	1990	2.0
504	A series of murders are committed near the estate of a degenerate author and his wife.	Sergio Martino	96	6.8	Italian	Your Vice Is a Locked Room and Only I Have the Key	https://images-na.ssl-images-amazon.com/images/M/MV5BMjZiNmQxZGItODM0NC00MDQ3LTgxNDQtYzBiOWJjOTJiMDk2XkEyXkFqcGdeQXVyMTQxNzMzNDI@._V1_SX300.jpg	Lamberto Forni Film (LF)	gMBtjDjzb8c	1972	7.7
510	Ray Fulton, a 55 year old owner of an Ice Cream shop, separates from his long-time wife and decides to move in with his 2 bachelor employees. As a result, all are forced to reassess their priorities.	Johnny Asuncion	98	6.2	N/A	Float	https://images-na.ssl-images-amazon.com/images/M/MV5BMTczNDI5NTYxNV5BMl5BanBnXkFtZTcwODY0MDcxMw@@._V1_SX300.jpg	Mercury Rising Films	xKJmEC5ieOk	2008	7.2
523	This was based on a true story. About a man (Caan) who discovers that his ex-wife has disappeared along with their children. It seems that her new boyfriend works for some criminals. After ...	James Caan	92	6.3	English	Hide in Plain Sight	https://images-na.ssl-images-amazon.com/images/M/MV5BN2QzNzRiZjQtZmZmOS00ZTViLWJmM2YtYjFkZTlmNDJhZjc3XkEyXkFqcGdeQXVyMjI4MjA5MzA@._V1_SX300.jpg	Unknown	9T9pd0T24Ts	1980	9.7
535	Tai-Pan is Chinese for "supreme leader". This is the man with real power to his hands. And such a Tai-Pan is Dirk Struan who is obsessed by his plan to make Hong Kong the "jewel in the ...	Daryl Duke	127	5.5	English	Tai-Pan	https://images-na.ssl-images-amazon.com/images/M/MV5BMjE4Mjc5NDczNF5BMl5BanBnXkFtZTcwNzgyOTUyMQ@@._V1_SX300.jpg	Vestron Video	6ptnPIEkosY	1986	7.9
443	Each member of a middle class Taipei family seeks to reconcile past and present relationships within their daily lives.	Edward Yang	173	8.1	Mandarin, Min Nan, Hokkien, English, Japanese, French	Yi Yi	https://images-na.ssl-images-amazon.com/images/M/MV5BYmI3YjY5OGQtZThkMC00ZWJkLWIxY2YtZjM3N2JlYWZkNjJmXkEyXkFqcGdeQXVyNjQ2MjQ5NzM@._V1_SX300.jpg	N/A	8F6tSorwYqw	2000	5.5
455	A beautiful British intelligence agent attempts to reveal the identity and motives of a powerful German spy during World War 1.	Roy Del Ruth	71	5.8	English	Three Faces East	https://images-na.ssl-images-amazon.com/images/M/MV5BYThhYjYzZWYtNGUxOS00ZWZkLTkwMDktZmFhNzk1ZGNmNTk0XkEyXkFqcGdeQXVyMDMxMjQwMw@@._V1_SX300.jpg	N/A	0FddxL8ITWc	1930	5.6
465	After assuming his dead cellmate's identity to get with his girlfriend, an ex-con finds himself the reluctant participant in a casino heist.	John Frankenheimer	104	5.7	English	Reindeer Games	https://images-na.ssl-images-amazon.com/images/M/MV5BZjNmNWIwZTAtMjM1MS00ODNiLTljYzMtNGI1ZmRkMmIxYzJiXkEyXkFqcGdeQXVyMTQxNzMzNDI@._V1_SX300.jpg	Dimension Films	0856Uv4QmtI	2000	2.9
472	The fates of horses, and the people who own and command them, are revealed as Black Beauty narrates the circle of his life.	Caroline Thompson	88	6.7	English	Black Beauty	https://images-na.ssl-images-amazon.com/images/M/MV5BMjEwNTc3NzI4NF5BMl5BanBnXkFtZTcwOTk3MDcyMQ@@._V1_SX300.jpg	N/A	-qCPMP4mNcQ	1994	0.9
478	A small-time hoodlum is divided between his conscience and loyalty to his boss when his cousin is murdered.	Ted Demme	93	6.7	English	Monument Ave.	https://images-na.ssl-images-amazon.com/images/M/MV5BMmJlMmVhNGItNTYxOS00MWI3LWE4OTYtZjllNDhkOWVmNGE1XkEyXkFqcGdeQXVyNDQwMTQ5ODk@._V1_SX300.jpg	Lions Gate Films	ijwKT-pZ2yk	1998	4.2
485	American ne'er-do-well Joe January is hired to take Paul Bonnard on an expedition into the desert in search of treasure.	Henry Hathaway	109	6.1	English	Legend of the Lost	https://images-na.ssl-images-amazon.com/images/M/MV5BMjEyNjQyODU2MF5BMl5BanBnXkFtZTcwNDE1NDk0NA@@._V1_SX300.jpg	United Artists	KjHFymb0aNU	1957	9.6
491	Yearning for escape and adventure, a young boy runs away from home and sails to an island filled with creatures that take him in as their king.	Spike Jonze	101	6.8	English	Where the Wild Things Are	https://images-na.ssl-images-amazon.com/images/M/MV5BNzQ1NzAwODEwM15BMl5BanBnXkFtZTcwNTE4MjI4Mg@@._V1_SX300.jpg	Warner Bros. Pictures	uNJPSc_4RCI	2009	4.3
454	A fast-track lawyer can't lie for 24 hours due to his son's birthday wish after he turns his son down for the last time.	Tom Shadyac	86	6.8	English	Liar Liar	https://images-na.ssl-images-amazon.com/images/M/MV5BYjZlYmJjYWYtZDM0NS00YmZlLWIyMTAtMDY5ZTNjZTgwMDhjXkEyXkFqcGdeQXVyMTQxNzMzNDI@._V1_SX300.jpg	Universal Pictures	C1no75lpOiw	1997	1.1
502	Isolated by his strange parents, Leon finds solace in an imaginary friend, which happens to be an anatomy doll from his father's doctor office. Unfortunately, the doll begins to take over Leon's life, and his sister's life as well.	Sandor Stern	103	6.7	English	Pin	https://images-na.ssl-images-amazon.com/images/M/MV5BOGQwZWUzMDUtZTcyYS00MTIzLWEyYWMtOTg0Mzc3Y2EzZTdmXkEyXkFqcGdeQXVyMTQxNzMzNDI@._V1_SX300.jpg	Malofilm Communications	um9rXGoMTv8	1988	1.4
507	Moving from England to California, the youngest cousins of Elle Woods must defend themselves when their schools reigning forces turn on the girls and try to frame them for a crime.	Savage Steve Holland	86	3.8	English	Legally Blondes	https://images-na.ssl-images-amazon.com/images/M/MV5BMTgzNTgzNDU4MF5BMl5BanBnXkFtZTcwOTkzNzA2NA@@._V1_SX300.jpg	Metro-Goldwyn-Mayer (MGM)	E8I-Qzmbqnc	2009	6.2
513	Failing to make it on his own, twenty-seven-year-old Jim moves back in with his parents and deals with crippling family obligations.	Steve Buscemi	91	6.6	English	Lonesome Jim	https://images-na.ssl-images-amazon.com/images/M/MV5BNzU1MzgxNDYzOV5BMl5BanBnXkFtZTgwODQ3MzA0MTI@._V1_SX300.jpg	IFC Films	heDR1arMWT4	2005	9.9
520	Rick is in his 30s, but still works full-time as a lifeguard on the beaches of Los Angeles in California. He enjoys the fun of it, but even more the silent moments. However when he meets ...	Daniel Petrie	96	6.7	English	Lifeguard	https://images-na.ssl-images-amazon.com/images/M/MV5BZGFmYzNmNGYtODk4Ny00ZGE2LWJkZTUtYmYyZWEyOGVkZjc1L2ltYWdlL2ltYWdlXkEyXkFqcGdeQXVyNzc5MjA3OA@@._V1_SX300.jpg	Paramount Pictures	x92mfhWERew	1976	7.6
525	A Lower East Side teen-ager struggles to find some sanity while surrounded by an eccentric grandmother, a crazy new girlfriend, and a longing younger brother.	Peter Sollett	88	7.2	English, Spanish	Raising Victor Vargas	https://images-na.ssl-images-amazon.com/images/M/MV5BMTY1ODI4Mzg0Nl5BMl5BanBnXkFtZTgwNTA2OTUxNTE@._V1_SX300.jpg	Fireworks Pictures	NwXrA9ximQE	2002	9.8
531	Upon learning that his father has been kidnapped, Austin Powers must travel to 1975 and defeat the aptly named villain Goldmember - who is working with Dr. Evil.	Jay Roach	94	6.2	English, Japanese, German, French	Austin Powers in Goldmember	https://images-na.ssl-images-amazon.com/images/M/MV5BMTkzNTk3Mzk1MF5BMl5BanBnXkFtZTYwMzM5NDA5._V1_SX300.jpg	New Line Cinema	iBcIAuGqOJ0	2002	6.1
445	On Christmas Eve, an angel petitions God to send help for Kermit the Frog who has lost all hope after losing the Muppet Theatre.	Kirk R. Thatcher	100	6.5	English	It's a Very Merry Muppet Christmas Movie	https://images-na.ssl-images-amazon.com/images/M/MV5BMTc3MjI0ODc4MF5BMl5BanBnXkFtZTcwMTg1OTczMQ@@._V1_SX300.jpg	Universal Studios	uAZZkp-Je6A	2002	4.5
457	Four friends are attacked by a demon while on a picnic, due to possession of a tome of mystic information. Told in flashbacks by the sole survivor.	Jack Woods, Mark Thomas McGee(co-director), Dennis Muren	80	5.3	English	Equinox	https://images-na.ssl-images-amazon.com/images/M/MV5BOGIzMzZiMzEtZmVlYS00MzU3LWJhZjMtNGU2ZjE5ZGQzMTdhXkEyXkFqcGdeQXVyNjc1NTYyMjg@._V1_SX300.jpg	Criterion Collection	tctHCMAi8jw	1970	1.5
466	When Kimberly has a violent premonition of a highway pileup she blocks the freeway, keeping a few others meant to die, safe...Or are they? The survivors mysteriously start dying and it's up to Kimberly to stop it before she's next.	David R. Ellis	90	6.2	English	Final Destination 2	https://images-na.ssl-images-amazon.com/images/M/MV5BMjExMTMyODAzN15BMl5BanBnXkFtZTYwNjc5NDQ3._V1_SX300.jpg	New Line Cinema	EEUYk2xU4R0	2003	7.8
473	A farmboy turned knight must protect a princess from the schemes of an evil wizard.	Nathan Juran	94	6.5	English	Jack the Giant Killer	https://images-na.ssl-images-amazon.com/images/M/MV5BMzI1MDhkOGYtYTIzOC00MDEzLWEyMzctMjkwZTRhYjA0MzhiXkEyXkFqcGdeQXVyNTAyODkwOQ@@._V1_SX300.jpg	MGM	PPBFv8HJ_bo	1962	1.1
479	A group of children, desperate to keep their various parents from getting divorces, kidnap them and hold them prisoner in a basement in order to force them to reconcile.	Harry Winer	108	5.7	English	House Arrest	https://images-na.ssl-images-amazon.com/images/M/MV5BYThkMGNhOTUtNmY0NS00MDBhLWIyNjktYzZhYzE2MWJlMDlhXkEyXkFqcGdeQXVyMTQxNzMzNDI@._V1_SX300.jpg	HBO Video	RQYNVWQe9no	1996	0.2
490	N/A	Ahmed Yehia	115	7.0	Arabic	As Not to Fly the Smoke	https://images-na.ssl-images-amazon.com/images/M/MV5BMmFjYTI4MWItYWY1Ni00ZmFjLWIyMzMtNDYwZmY4ZDBmNmUxXkEyXkFqcGdeQXVyMTU0NTQyMjk@._V1_SX300.jpg	N/A	Ll4cd82JJUo	1984	9.6
515	Beethoven, the St. Bernard dog, becomes a father, but his girlfriend Missy is dognapped, and his puppies are in danger of the same fate.	Rod Daniel	89	4.8	English	Beethoven's 2nd	https://images-na.ssl-images-amazon.com/images/M/MV5BYjhlOTk1ODQtOTc3Yi00YzRjLWI1MGItODRlOTJmMjFhMGZkXkEyXkFqcGdeQXVyMTQxNzMzNDI@._V1_SX300.jpg	MCA Universal Home Video	E8zjtDXLq5s	1993	4.0
521	When a young man agrees to housesit for his boss, he thinks it'll be the perfect opportunity to get close to the woman he desperately has a crush on - his boss's daughter. But he doesn't ...	David Zucker	86	4.6	English	My Boss's Daughter	https://images-na.ssl-images-amazon.com/images/M/MV5BMjE4MjA0MzQ5OV5BMl5BanBnXkFtZTcwNTY3MDAwMQ@@._V1_SX300.jpg	Miramax Films	0kubIMUboWs	2003	1.0
533	A shy student trying to reach his family in Ohio, a gun-toting tough guy trying to find the last Twinkie, and a pair of sisters trying to get to an amusement park join forces to travel across a zombie-filled America.	Ruben Fleischer	88	7.7	English	Zombieland	https://images-na.ssl-images-amazon.com/images/M/MV5BMTU5MDg0NTQ1N15BMl5BanBnXkFtZTcwMjA4Mjg3Mg@@._V1_SX300.jpg	Sony/Columbia Pictures	c1-jFLlHLPw	2009	4.2
536	Stuck in her boring factory town, twenty-three-year-old Marina is at the mercy of both her father's impending death and her distaste for other humans.	Athina Rachel Tsangari	95	6.2	Greek, English, French	Attenberg	https://images-na.ssl-images-amazon.com/images/M/MV5BMjI4MTM2NzMyNV5BMl5BanBnXkFtZTcwMTE0MTc0Nw@@._V1_SX300.jpg	Strand Releasing	2582qyfXOSs	2010	0.4
461	Two Atlanta men raise funds for their charity by rigging boxing matches in New Orleans but their tricks attract the mob's attention.	Sidney Poitier	110	6.9	English	Let's Do It Again	https://images-na.ssl-images-amazon.com/images/M/MV5BOTM1MTQyODc0MV5BMl5BanBnXkFtZTcwMTMwNTQyMQ@@._V1_SX300.jpg	WARNER BROTHERS PICTURES	FplnV5ZnOuk	1975	5.5
467	After a break-in at their house, a couple gets help from one of the cops that answered their call. He helps them install the security system, and begins dropping by on short notice and ...	Jonathan Kaplan	117	6.3	English, Spanish	Unlawful Entry	https://images-na.ssl-images-amazon.com/images/M/MV5BZmMxMjY3ODctMTVlNy00N2UwLWEyMjEtNTViMmJlNmI2MThhXkEyXkFqcGdeQXVyNjQ2MjQ5NzM@._V1_SX300.jpg	Twentieth Century Fox Home Entertainment	jNcy0GZr_Zw	1992	0.7
471	A mental patient embarks on a murder spree upon escaping from an institution.	Romano Scavolini	97	5.8	English	Nightmare	https://images-na.ssl-images-amazon.com/images/M/MV5BMWY2NWFiNWEtMTY5Yi00MGU2LWJkOTYtMDUzNmUxNWIyZTNmXkEyXkFqcGdeQXVyMTQxNzMzNDI@._V1_SX300.jpg	N/A	DoPsjWqvwT4	1981	1.9
483	A terrified wife tries to escape from her insanely jealous husband who is bent on killing her.	Andrew L. Stone	99	6.2	English	Julie	https://images-na.ssl-images-amazon.com/images/M/MV5BODk4ZmRkZjgtMWMyMC00MmFhLTgwZTMtZDg0YzJjMWU3MGQ4XkEyXkFqcGdeQXVyNjE5MjUyOTM@._V1_SX300.jpg	Warner Home Video	IPUEzAJvwmo	1956	6.5
488	John Dillinger and his gang go on a bank robbing spree across the midwest, but one G-Man is determined to bring him down.	John Milius	107	7.0	English, Spanish	Dillinger	https://images-na.ssl-images-amazon.com/images/M/MV5BMTcyMTEyNjE4M15BMl5BanBnXkFtZTcwMDg4NTczNA@@._V1_SX300.jpg	American International Pictures	3uxdc9e9U4w	1973	8.5
495	Two thirtysomethings, unemployed former alcoholic Joe and community health worker Sarah, start a romantic relationship in the one of the toughest Glasgow neighbourhoods.	Ken Loach	105	7.5	English	My Name Is Joe	https://images-na.ssl-images-amazon.com/images/M/MV5BMTIyODAzNjM3OF5BMl5BanBnXkFtZTcwMjMxODI5MQ@@._V1_SX300.jpg	Artisan Pictures	Yqt3PD4C9_k	1998	3.1
501	Year 1977. Punk and new wave rock'n roll has arrived to remote Finland and a bleak small town Oulu where increasingly odd-looking youths began to appear in the street with a message. Their ...	Matti Kinnunen	86	6.5	Finnish	Miss Farkku-Suomi	https://images-na.ssl-images-amazon.com/images/M/MV5BYTU4ZmZiNmUtMWZiMS00NjUzLTk1ZjktMDU1MjcyM2ZlNTVhXkEyXkFqcGdeQXVyNDMxNTEwMTA@._V1_SX300.jpg	N/A	zOzusl0egUo	2012	3.6
508	Two distant cousins meet at a wedding banquet for an elderly couple. Over time, a close friendship develops between them, but their spouses begin to think that they are more than just friends.	Jean-Charles Tacchella	95	6.8	French	Cousin cousine	https://images-na.ssl-images-amazon.com/images/M/MV5BYzNmMzI2NGEtMzc5Yi00NzAxLWI5ZWUtMWMxMjY5OThmNWJmXkEyXkFqcGdeQXVyMjQzMzQzODY@._V1_SX300.jpg	Criterion Collection	5OHPf7F3-ok	1975	2.0
514	Spike Lee's vibrant semi-autobiographical portrait of a school teacher, her stubborn jazz musician husband and their five kids living in Brooklyn in 1973.	Spike Lee	115	6.9	English	Crooklyn	https://images-na.ssl-images-amazon.com/images/M/MV5BZGQ3NmFjNDktYzNiZS00NDk3LTk2ODEtYjExZjg3YWU3Y2ZmXkEyXkFqcGdeQXVyMTQxNzMzNDI@._V1_SX300.jpg	MCA Universal Home Video	so702Mh_HGw	1994	9.1
524	After a tragic accident at sea, Eben Cole loses his family, friends and stature in his island fishing community. He returns to the island an outcast but determined to win back the way of ...	Ian McCrudden	100	7.0	English	Islander	https://images-na.ssl-images-amazon.com/images/M/MV5BMTYzOTA3NDcwN15BMl5BanBnXkFtZTcwNDU0NTM5MQ@@._V1_SX300.jpg	Slowhand Releasing	BWFMnss9MHg	2006	7.3
452	A bunch of eccentric relatives gather for their patriarch's funeral.	Charlie Peters	96	5.9	English	Passed Away	https://images-na.ssl-images-amazon.com/images/M/MV5BMTI2ODI1ODE2OV5BMl5BanBnXkFtZTcwNzcyNTUyMQ@@._V1_SX300.jpg	Hollywood Pictures	uvWEyT3GW30	1992	4.3
470	A young Italian actress embarks on a self-destructive spree of sex, drugs and other excess while doing some soul searching to find the path for redemption.	Asia Argento	90	5.2	English, Italian, French	Scarlet Diva	https://images-na.ssl-images-amazon.com/images/M/MV5BMTg5NjQ2NTIzNF5BMl5BanBnXkFtZTcwNDA0MjAwMQ@@._V1_SX300.jpg	Media Blasters Releasing	2VfHbQGQSP0	2000	1.8
475	Out to stop a new gang disguised as Santa Claus, Emilien and Daniel must also handle major changes in their personal relationships.	Gérard Krawczyk	84	5.7	French	Taxi 3	https://images-na.ssl-images-amazon.com/images/M/MV5BMGJjYTc3YTgtOGM3Mi00ZjcxLWFhNzQtZTllNjAyZWQ4ZjQ4XkEyXkFqcGdeQXVyNDk3NzU2MTQ@._V1_SX300.jpg	ARP Sélection	XLP-rf3dHOQ	2003	0.6
486	A big-city cop from L.A. moves to a small-town police force and immediately finds himself investigating a murder. Using theories rejected by his colleagues, the cop, John Berlin, meets a ...	Bruce Robinson	124	6.2	English	Jennifer 8	https://images-na.ssl-images-amazon.com/images/M/MV5BMTgxMTk3NTc1OV5BMl5BanBnXkFtZTcwMTc5NzMyMQ@@._V1_SX300.jpg	Paramount Home Video	4Y6Nhkigcmo	1992	7.1
494	Three sisters scheme to reunite their divorced parents before their wealthy father marries a conniving gold digger.	Henry Koster	84	6.8	English	Three Smart Girls	https://images-na.ssl-images-amazon.com/images/M/MV5BMTkyNDIxODkyNF5BMl5BanBnXkFtZTcwNTgzMDYyMQ@@._V1_SX300.jpg	Universal Pictures	rah7tz617-s	1936	2.4
499	Ten-year-old Arthur, in a bid to save his grandfather's house from being demolished, goes looking for some much-fabled hidden treasure in the land of the Minimoys, a tiny people living in harmony with nature.	Luc Besson	94	6.0	English	Arthur and the Invisibles	https://images-na.ssl-images-amazon.com/images/M/MV5BNDQ2ODQ1NTM5OF5BMl5BanBnXkFtZTcwNjQzNTA0MQ@@._V1_SX300.jpg	MGM	MBiN6QYK1vU	2006	2.8
506	Bill Benson and Ted Adams are to appear in a Broadway show together and, while in Paris, each 'discovers' the perfect leading lady for the plum female role. Each promises the prize role to ...	Robert Lewis	106	6.2	English	Anything Goes	https://images-na.ssl-images-amazon.com/images/M/MV5BMjViOTgxZGMtZGRlZC00YTQ1LWI3YzktOTlmZWI4NDU0OGQ0XkEyXkFqcGdeQXVyMDI2NDg0NQ@@._V1_SX300.jpg	Paramount Pictures	0z9CFB9dFRc	1956	8.9
512	A plastic bag, thrown out in the trash, attempts to find his way back to his owner and along the way discovers the world.	Ramin Bahrani	18	7.8	English	Plastic Bag	http://ia.media-imdb.com/images/M/MV5BMzg4OTY4Njc4Nl5BMl5BanBnXkFtZTcwNTc1Nzk4Mg@@._V1_SX300.jpg	N/A	YuJ31bu01mM	2009	8.0
526	An Ivy League freshman gets an unexpected education when he falls for an older woman and her 14 year-old daughter develops a crush on him.	Jeffrey Fine	99	6.8	English	Cherry	https://images-na.ssl-images-amazon.com/images/M/MV5BMTM0NjU0NzgzOF5BMl5BanBnXkFtZTcwNDYxNDEzMw@@._V1_SX300.jpg	Naedomi Media	VasKOP-R8mA	2010	0.9
530	Five people are offered $1 million to spend six months together in an isolated mansion, with cameras watching their every move.	Marc Evans	95	5.6	English	My Little Eye	https://images-na.ssl-images-amazon.com/images/M/MV5BOWI3YTg3OWItYjgyNi00OTg2LTkzMjctMmRkYzYzMzZkNjkzL2ltYWdlL2ltYWdlXkEyXkFqcGdeQXVyMTQxNzMzNDI@._V1_SX300.jpg	Universal Studios Home Video	UlkOI_RLlbY	2002	9.4
537	With a sale tag hanging from his seat, propped up in the corner of a bicycle store on a rainy night, Red the unicycle dreams about a better place.	John Lasseter	4	6.5	English	Red's Dream	https://images-na.ssl-images-amazon.com/images/M/MV5BMTQ0NzQ0MDM3MV5BMl5BanBnXkFtZTgwMTIyMDgwMjE@._V1_SX300.jpg	Pixar Animation Studios	M80lX3Gl5Dw	1987	2.0
453	Little known actor, Jack Noah, is working on location in the country of Parador at the time the dictator dies. The dictator's right hand man, Roberto, makes Jack an offer he cannot refuse.....	Paul Mazursky	103	5.9	English	Moon Over Parador	https://images-na.ssl-images-amazon.com/images/M/MV5BNWYyMWY1NTktMjA5Ni00YmVmLTlmYzYtM2RhMDk1YmE2NWY1XkEyXkFqcGdeQXVyNjUwNzk3NDc@._V1_SX300.jpg	MCA Universal Home Video	jwny4A7Gql8	1988	3.0
458	Romantic drama about a young career girl who is swept off her feet by a shy florist, who fell in love with her after one glimpse through a shadowy window.	Michael Goldenberg	87	6.1	English	Bed of Roses	https://images-na.ssl-images-amazon.com/images/M/MV5BNTUwOWM4YmUtMzdkMi00YjEwLWE0MmEtZTBmMGNhYWU4OGI3XkEyXkFqcGdeQXVyNzc5MjA3OA@@._V1_SX300.jpg	New Line Home Entertainment	NK9LibpEeg0	1996	4.0
468	Nick investigates the case of a missing man and later a murder that is connected to Nora's family.	W.S. Van Dyke	112	7.7	English	After the Thin Man	https://images-na.ssl-images-amazon.com/images/M/MV5BYWNjMTRkOGMtOGMyZS00NTNlLTg5ZTctYTEzMWM1ZDExZjgzXkEyXkFqcGdeQXVyMDI2NDg0NQ@@._V1_SX300.jpg	MGM Home Entertainment	27OkaDYE23E	1936	8.4
476	Philippe Delambre, the now-adult son of "The Fly", does some transportation experimentation of his own.	Edward Bernds	80	5.7	English, French	Return of the Fly	https://images-na.ssl-images-amazon.com/images/M/MV5BNjg5Mjk4NGEtNTQ0My00YTc5LTk3ZGItYmEzZmFjY2VhZTNmXkEyXkFqcGdeQXVyMTQxNzMzNDI@._V1_SX300.jpg	Twentieth Century Fox Home Entertainment	Zri0vfCwoS0	1959	9.2
482	After discovering that an asteroid the size of Texas is going to impact Earth in less than a month, N.A.S.A. recruits a misfit team of deep core drillers to save the planet.	Michael Bay	151	6.6	English, Russian, Indonesian	Armageddon	https://images-na.ssl-images-amazon.com/images/M/MV5BMGM0NzE2YjgtZGQ4YS00MmY3LTg4ZDMtYjUwNTNiNTJhNTQ5XkEyXkFqcGdeQXVyMTQxNzMzNDI@._V1_SX300.jpg	Buena Vista	kg_jH47u480	1998	4.2
489	After being used and betrayed by the detective she had fallen in love with, young Matsu is sent to a female prison full of sadistic guards and disobedient prisoners.	Shun'ya Itô	87	7.3	Japanese	Female Prisoner #701: Scorpion	https://images-na.ssl-images-amazon.com/images/M/MV5BMWQ0NTAyMTEtYWU0My00NzljLWFhYjMtMTY1NWVkOWRiZGJlXkEyXkFqcGdeQXVyMTQxNzMzNDI@._V1_SX300.jpg	N/A	Ki4ry7acFZQ	1972	3.3
493	A road trip comedy about three friends who travel across the country in a Wiener Wagon to beat up a popular daytime talk show therapist.	Mark Steilen	89	4.4	English	Wieners	https://images-na.ssl-images-amazon.com/images/M/MV5BMTQwNzk4ODc3NF5BMl5BanBnXkFtZTcwNDA0Mzk2MQ@@._V1_SX300.jpg	Sony Pictures Home Entertainment	sWcaARhUXek	2008	4.0
505	The final eight candidates for a highly desirable corporate job are locked together in an exam room and given a test with one question. It seems simple yet confusing that soon, tensions begin to unravel.	Stuart Hazeldine	101	6.9	English, French, Cantonese	Exam	https://images-na.ssl-images-amazon.com/images/M/MV5BNDg2NzM2NzIwNF5BMl5BanBnXkFtZTcwODE2ODc1Mg@@._V1_SX300.jpg	Bedlam Productions	bkdt2Sygew0	2009	7.9
511	As World War II begins, German freighter captain Karl Ehrlich tries to get his ship back to Germany through a gauntlet of Allied warships.	John Farrow	117	6.5	English	The Sea Chase	https://images-na.ssl-images-amazon.com/images/M/MV5BMzFmM2Y1ZGUtYzNiZS00Njk4LWJmZjgtMDViNWQ0NjRkMzkwL2ltYWdlL2ltYWdlXkEyXkFqcGdeQXVyNjQzNDI3NzY@._V1_SX300.jpg	WARNER BROTHERS PICTURES	70QyOGKEdr0	1955	4.0
522	Two Japanese scientists, Ushioda and Ochi, develop a bond with their sled dogs while on an expedition in Antarctica. Ushioda and Ochi eventually leave Antarctica, only to return to search ...	Koreyoshi Kurahara	112	7.8	Japanese, Italian	Antarctica	https://images-na.ssl-images-amazon.com/images/M/MV5BMTg3MDg1MDY5OF5BMl5BanBnXkFtZTcwMTc5NjkyMQ@@._V1_SX300.jpg	N/A	UOUYPnpJsK0	1983	0.9
8	This movie documents the Apollo missions perhaps the most definitively of any movie under two hours. Al Reinert watched all the footage shot during the missions--over 6,000,000 feet of it, ...	Al Reinert	80	8.2	English	For All Mankind	https://images-na.ssl-images-amazon.com/images/M/MV5BNGM0YWJhNDgtZjk4OC00YTEzLThmZjUtODllMTFmNjQ4YWVlXkEyXkFqcGdeQXVyNjQ2MjQ5NzM@._V1_SX300.jpg	Criterion Collection	aTP-f8Hpu6g	1989	9.3
64	Two travelers stop over in a small village named Santana. Unbeknownst to them, Santana is a village where, once a year, Satan comes to Earth to claim souls, and they just happened to enter the village on that day.	Ferde Grofé Jr.	93	5.4	English	Judgement Day	https://images-na.ssl-images-amazon.com/images/M/MV5BYjllYTViNTItYzZkNy00NzEzLTk0M2UtZjY0NTkxNWQ4YTljXkEyXkFqcGdeQXVyMzU0NzkwMDg@._V1_SX300.jpg	N/A	UQwEHculZ3U	1988	3.4
80	A pair of identical twin sisters -- one, who has been paraplegic since youth and gets around in a wheelchair, and the other -- 'same face, different bodies.'	Andrew Bujalski	100	6.1	English	Beeswax	https://images-na.ssl-images-amazon.com/images/M/MV5BMTQwMzg0MjIwOV5BMl5BanBnXkFtZTcwNDg3MTA3Mg@@._V1_SX300.jpg	Cinema Guild	OW7EEKQu25U	2009	4.5
86	Follows Moses leading and conducting the Hebrew people from the slavery of Egypt to the freedom towards the Promised Land according to the Ancient Testament Bible book of the Exodus. The ...	Alexandre Avancini	120	3.3	Portuguese	The Ten Commandments: The Movie	https://images-na.ssl-images-amazon.com/images/M/MV5BOWQwYzRiNDctOGVhMy00YmQ4LThjOGQtZmJiMmU0ZDY4ZjA1XkEyXkFqcGdeQXVyMjMwNTQxNjE@._V1_SX300.jpg	N/A	1LKUpWvnubU	2016	0.7
115	A company retreat on a tropical island goes terribly awry.	Rob Meltzer	95	5.0	English	Welcome to the Jungle	https://images-na.ssl-images-amazon.com/images/M/MV5BMTUyNDk5ODE0OV5BMl5BanBnXkFtZTgwMDMyNzE4MDE@._V1_SX300.jpg	Cinedigm Entertainment	4T-eLDfVb7g	2013	7.0
120	Roscoe tries to dump his wife so he can enjoy the beach attractions. Buster arrives with Alice who is taken away from him by Al who loses her to Roscoe. Bathing beauties and Keystone Kops abound.	Roscoe 'Fatty' Arbuckle	25	6.4	English	Coney Island	http://ia.media-imdb.com/images/M/MV5BMTk2MTQ1MDMyMF5BMl5BanBnXkFtZTcwMjI4MjkxMQ@@._V1_SX300.jpg	Comique Film Company	Pn9JQZdaitw	1917	7.3
46	Ethics, being human and the soul come to the fore when a 7-year old finds a bag of Pounds just days before the currency is switched to Euros and learns what we are really made of.	Danny Boyle	98	6.9	English	Millions	https://images-na.ssl-images-amazon.com/images/M/MV5BNTI3Y2RjOTMtNmM0OC00OGI4LTgxOGQtMjFhZTVjODdkNWEwXkEyXkFqcGdeQXVyNDk3NzU2MTQ@._V1_SX300.jpg	Fox Searchlight Pictures	69hn_PFFYDI	2004	4.8
30	A psychiatrist (Sciorra) is helping a neurotic art gallery owner who has a submissive and very satisfying sexual relationship with her new lover, a domineering man with a violent streak. An...	Christopher Crowe	103	5.6	English	Whispers in the Dark	https://images-na.ssl-images-amazon.com/images/M/MV5BZGIwYjU0N2QtOGU5OS00MWFlLWJkZTctMGE3YTQ5NGM0NzExXkEyXkFqcGdeQXVyNjQ2MjQ5NzM@._V1_SX300.jpg	Paramount Home Video	fcGoRWpcTMw	1992	1.6
154	Buffoonish Ernest and his dimwitted pal Abner unearth a huge cannon reputed to contain the crown jewels of England.	John R. Cherry III	96	5.1	English	Ernest Rides Again	https://images-na.ssl-images-amazon.com/images/M/MV5BNzRlMzgwNzEtYWMwYi00N2RjLWFmZDctOGRlNDQ0YWZmMGM4XkEyXkFqcGdeQXVyNjExODE1MDc@._V1_SX300.jpg	Monarch Home Video	qgUGuhBiNWQ	1993	3.9
161	A man is strangled by a female prostitute in his home at the same time as a woman is killed by a man with a spanner on an empty bus. In both cases the killer leaves an illustration from the...	Paolo Cavara	98	6.2	Italian	Plot of Fear	https://images-na.ssl-images-amazon.com/images/M/MV5BMjE4MjA2MDE2MF5BMl5BanBnXkFtZTcwNDIzMjA0MQ@@._V1_SX300.jpg	N/A	J0ZXUv0TwWU	1976	2.0
169	A young couple on the run hole up in a country estate with a hostage in tow.	David Denneen	94	6.2	English	Restraint	https://images-na.ssl-images-amazon.com/images/M/MV5BMjI3MDUyMTg4NV5BMl5BanBnXkFtZTgwNzQxODg0MDE@._V1_SX300.jpg	Filmgraphics Entertainment	fDGRa_DVZs0	2008	1.6
174	An elderly toy maker and his son make killer toys designed to kill their customers, children.	Martin Kitrosser	90	4.3	English	Silent Night, Deadly Night 5: The Toy Maker	https://images-na.ssl-images-amazon.com/images/M/MV5BMjIwOGU4ZGQtYTM3YS00NjZiLWJhMTctN2Q3YWUwODJkZDIzXkEyXkFqcGdeQXVyMTQxNzMzNDI@._V1_SX300.jpg	N/A	na8d9Cpo-cQ	1991	1.0
196	When millionaire businessman Ted Billings (Glenn Morshower) double-crosses his partners in a weapons deal, he decides to hire some protection. Billings enlists Eugene "Vash" Vasher (Lou ...	Daniel Millican	96	4.2	English	Striking Range	https://images-na.ssl-images-amazon.com/images/M/MV5BMTg4NTU3MzU1M15BMl5BanBnXkFtZTcwMjY2MzkzMQ@@._V1_SX300.jpg	Sony Pictures Home Entertainment	I9HoZVUx1xk	2006	9.0
212	The lives of several couples and singles in New York intertwine over the course of New Year's Eve.	Garry Marshall	113	5.7	English	New Year's Eve	https://images-na.ssl-images-amazon.com/images/M/MV5BMjI2Mzg2MDQxOV5BMl5BanBnXkFtZTcwNzc3NTY5Ng@@._V1_SX300.jpg	Warner Bros.	h_dt27_0vL4	2011	2.3
237	The life and career of Elvis Presley are chronicled in home movies, concert footage, and dramatizations. Subjects include early performances, army service, Ed Sullivan Show appearance, marriage, 1968 comeback, health decline and death.	Malcolm Leo, Andrew Solt	110	7.5	English	This Is Elvis	https://images-na.ssl-images-amazon.com/images/M/MV5BZDRlMTk5MmUtMzg2NC00ZjUxLTgxMjEtYmUwMzc0MDU1Zjc3XkEyXkFqcGdeQXVyNDA5Mjg5MjA@._V1_SX300.jpg	WARNER BROTHERS PICTURES	w4XdWJMTXqI	1981	6.0
267	In Minangkabau, West Sumatera, Yuda a skilled practitioner of Silat Harimau is in the final preparations to begin his "Merantau" a century's old rites-of-passage to be carried out by the ...	Gareth Evans	134	6.8	Indonesian, English	Merantau	https://images-na.ssl-images-amazon.com/images/M/MV5BMTc4NDM3MDg4OV5BMl5BanBnXkFtZTcwNTM3ODc4Mg@@._V1_SX300.jpg	Pt. Merantau Films	PtkLFm3QrmA	2009	0.5
534	A 6-year-old girl tries to reunite a young woman with a former boyfriend before she marries another.	Kevin Lima	89	7.0	English	Eloise at Christmastime	https://images-na.ssl-images-amazon.com/images/M/MV5BMTM0Mjc2NTk4NV5BMl5BanBnXkFtZTcwNTU5OTYyMQ@@._V1_SX300.jpg	Di Novi Pictures	l-Emrs1miGo	2003	0.9
48	N/A	Armand Lohikoski	74	5.4	Finnish	Pekka ja Pätkä Suezilla	http://goldencity.pk/img/sample1.jpg	N/A	b03RIY25Amo	1958	1.3
277	A movie about the life, work and death of Jesus as we know it from the Bible.	Roger Young	240	6.0	English	Jesus	https://images-na.ssl-images-amazon.com/images/M/MV5BMTc4MjA2MjEwOV5BMl5BanBnXkFtZTcwNTA5MjYxMQ@@._V1_SX300.jpg	N/A	xueQ_sYwqhg	1999	0.6
287	The ace cop of a totalitarian police force and a drifting android play their parts in a post-apocalyptic society. They are destined to fight. Their encounter will change them forever.	Takashi Miike	89	5.9	Japanese, Cantonese	Dead or Alive: Final	https://images-na.ssl-images-amazon.com/images/M/MV5BZWJjMzdkMzAtNzgxNC00NzIyLTljNGQtOTQwNjI4M2Y0ZDc4L2ltYWdlL2ltYWdlXkEyXkFqcGdeQXVyMTQxNzMzNDI@._V1_SX300.jpg	Kino International	L655mBO7_9o	2002	1.1
305	A beautiful but ambitious young woman joins a traveling troupe of third-rate vaudevillians and inadvertently causes jealousy and emotional crises.	Federico Fellini, Alberto Lattuada	93	7.2	Italian, English	Variety Lights	https://images-na.ssl-images-amazon.com/images/M/MV5BMjAxNDhhOGQtODk4OC00ODQxLWE4ZWMtMDY1NzBjZGU5OWQ5XkEyXkFqcGdeQXVyMzcwMDAzMzk@._V1_SX300.jpg	Pathé Contemporary Films	DT7XzIfodDU	1951	1.8
320	In 1984, British journalist Arthur Stuart investigates the career of 1970s glam superstar Brian Slade, who was heavily influenced in his early years by hard-living and rebellious American singer Curt Wild.	Todd Haynes	118	7.0	English, French	Velvet Goldmine	https://images-na.ssl-images-amazon.com/images/M/MV5BZjVjZTM3NTktYjdkOS00ZjMyLTg3NzYtOWVmMzEyNDc5ZmIyL2ltYWdlL2ltYWdlXkEyXkFqcGdeQXVyMTQxNzMzNDI@._V1_SX300.jpg	Miramax	Kqd8ChJ5xLk	1998	3.6
427	In a small American town, a diabolical circus and its demonic proprietor prey on the townsfolk.	Jack Clayton	95	6.8	English	Something Wicked This Way Comes	https://images-na.ssl-images-amazon.com/images/M/MV5BZjAwNWM2ZjItMTgwYi00YjMzLTkyZjEtYTU2YjFiODkzMjA5XkEyXkFqcGdeQXVyNTAyODkwOQ@@._V1_SX300.jpg	Walt Disney Productions	Up7KHbJTmoo	1983	3.2
330	A shady police detective becomes embroiled in a strange world of murder, sadism and madness after being assigned a murder investigation against a madman known only as "The Engineer".	Scott Derrickson	99	5.6	English	Hellraiser: Inferno	https://images-na.ssl-images-amazon.com/images/M/MV5BZTJkYzI4ZGQtYTU3Yy00MWU1LWE3NjUtZjI5Zjc2ZGI0Mjc5XkEyXkFqcGdeQXVyMTQxNzMzNDI@._V1_SX300.jpg	Miramax	3UiDwCtMHN8	2000	1.7
366	A group of camp counselors are stalked and murdered by an unknown assailant while trying to reopen a summer camp which, years before, was the site of a child's drowning.	Sean S. Cunningham	95	6.5	English	Friday the 13th	https://images-na.ssl-images-amazon.com/images/M/MV5BNWMxYTYzYWQtNGZmNy00MTg5LTk1N2MtNzQ5NjQxYjQ5NTJhXkEyXkFqcGdeQXVyMTQxNzMzNDI@._V1_SX300.jpg	Paramount Pictures	cCfO1aB8CIE	1980	9.1
389	A Greek Fisherman brings an Atlantean Princess back to her homeland which is the mythical city of Atlantis. He is enslaved for his trouble. The King is being manipulated by an evil sorcerer...	George Pal	90	5.5	English	Atlantis: The Lost Continent	https://images-na.ssl-images-amazon.com/images/M/MV5BYjY0MWYyNmUtZWFkNy00ZjJkLTg4NjQtYzc0ZjMxNWQ2OTY3XkEyXkFqcGdeQXVyMzg2MzE2OTE@._V1_SX300.jpg	Warner Home Video	zDCWnvBk-DI	1961	8.5
405	Film version of the musical stage play, presenting the last few weeks of Christ's life, told in an anachronistic manner.	Norman Jewison	108	7.3	English	Jesus Christ Superstar	https://images-na.ssl-images-amazon.com/images/M/MV5BNjY0YjRmNWQtMWVmMS00MDRlLThlYTAtMWM3M2ZmNTQwODY5XkEyXkFqcGdeQXVyMTQ1NTg3MjU@._V1_SX300.jpg	Universal Studios	hIe8GA3VvYg	1973	5.6
417	A Haitian man who recently lost his job as a French teacher, begins a desperate search for work in Santo Domingo.	Israel Cárdenas, Laura Amelia Guzmán	84	6.8	Spanish, Creole, English	Jean Gentil	https://images-na.ssl-images-amazon.com/images/M/MV5BNTI4NmMwZDAtMjBmMi00YmM1LWJhZGYtNzZmMjYyYTliMzBlXkEyXkFqcGdeQXVyODU4MjAxOQ@@._V1_SX300.jpg	Anthology Archives	qRDqYihLWCo	2010	3.1
426	An art curator decides to seek revenge on his abusive boss by conning him into buying a fake Monet, but his plan requires the help of an eccentric and unpredictable Texas rodeo queen.	Michael Hoffman	89	5.7	English, Japanese	Gambit	https://images-na.ssl-images-amazon.com/images/M/MV5BNmIyMWY1YTUtMjQ0ZC00MzE4LTlmNmYtNzRhZjU5NTNhN2VjXkEyXkFqcGdeQXVyNzI1NzMxNzM@._V1_SX300.jpg	CBS Films	EdGVjejgtVA	2012	9.2
436	A story about two classmates - one smart and openly gay and the other school swimming star. They grow as friends and discover their attraction to each other. This story has been told many ...	David Oliveras	114	6.1	English	Watercolors	https://images-na.ssl-images-amazon.com/images/M/MV5BNDA5NTk2MTgxMl5BMl5BanBnXkFtZTcwNTY1Nzg3MQ@@._V1_SX300.jpg	Regent Releasing/Here Films	qTtH0ONqdQw	2008	1.7
460	A multimillionaire decides to boycott "filthy" forms of entertainment such as Broadway shows.	Ray Enright, Busby Berkeley	91	7.2	English	Dames	https://images-na.ssl-images-amazon.com/images/M/MV5BY2FmNDQ1ZjEtNDg3ZC00YjUyLWJjY2EtOTBhNGZiMjI2Njk5XkEyXkFqcGdeQXVyMDI2NDg0NQ@@._V1_SX300.jpg	Warner Bros. Pictures	vc7csAWH1Ro	1934	1.4
497	An elite group of vice cops are fired from the L.A.P.D. for being over-zealous in their war against drugs. It is immediately apparent that some of their superiors are involved in the drug ...	John Mackenzie	106	5.7	English	The Last of the Finest	https://images-na.ssl-images-amazon.com/images/M/MV5BMTQxODI2MTQ5N15BMl5BanBnXkFtZTcwMTY2NjE2NA@@._V1_SX300.jpg	Orion Home Video	L8qQu1MT6Wo	1990	2.4
496	The life of three parents who have all shared the loss of a child. Motives are not what they seem and sanity is in short supply in this thriller.	Zack Parker	120	5.7	English	Proxy	https://images-na.ssl-images-amazon.com/images/M/MV5BNmEyOTA1NmEtNjljNS00MDgzLWE3YzQtODIxNTJiMDQ3ZjRkXkEyXkFqcGdeQXVyMTQxNzMzNDI@._V1_SX300.jpg	IFC Midnight	arRhnf213E0	2013	7.7
509	Model citizen, devoted father, loving husband and serial killer John Wayne Gacy - a man with over 30 dead men and boys entombed in the crawl space underneath his family house. Based on a true story.	Clive Saunders	88	4.7	English	Gacy	https://images-na.ssl-images-amazon.com/images/M/MV5BY2E4ZTFiMzgtYzIyNS00NWQxLWExMDQtNjM2MWQxMmQ5ZjBmXkEyXkFqcGdeQXVyMTQxNzMzNDI@._V1_SX300.jpg	DEJ Productions	EbHANELNCpk	2003	3.9
481	Germans kidnap an American major and try to convince him that World War II is over, so that they can get details about the Allied invasion of Europe out of him.	George Seaton	115	7.3	English, German, Portuguese, French	36 Hours	https://images-na.ssl-images-amazon.com/images/M/MV5BN2ExMGRmNjgtY2RkNy00MDU5LWI5ODctYTYxZGU5MmU3Y2VhXkEyXkFqcGdeQXVyNDgyODgxNjE@._V1_SX300.jpg	WARNER BROTHERS PICTURES	bVG96J7apwM	1964	2.6
528	Miracle tells the true story of Herb Brooks (Kurt Russell), the player-turned-coach who led the 1980 U.S. Olympic hockey team to victory over the seemingly invincible Russian squad.	Gavin O'Connor	135	7.5	English	Miracle	https://images-na.ssl-images-amazon.com/images/M/MV5BMjEyOTk1OTcyNV5BMl5BanBnXkFtZTYwNjMzNDU3._V1_SX300.jpg	Buena Vista Pictures	v64ofT1rGOw	2004	0.7
\.


--
-- Data for Name: movies_actors; Type: TABLE DATA; Schema: public; Owner: postgres
--

COPY movies_actors (movies_id, actors_id) FROM stdin;
6	2
6	11
6	22
6	6
8	15
8	9
8	18
8	24
9	26
9	27
9	28
9	29
10	34
10	35
10	36
10	37
13	44
13	42
13	45
13	43
15	50
15	53
15	52
15	51
17	54
17	57
17	55
17	56
18	63
18	65
18	62
18	64
19	72
19	71
19	70
19	73
20	74
20	75
20	76
20	77
21	78
21	79
21	81
21	80
22	85
22	82
22	83
22	84
23	90
23	92
23	93
23	91
24	87
24	89
24	86
24	88
25	98
25	100
25	101
25	99
26	102
26	103
26	104
26	105
27	108
27	106
27	109
27	107
28	113
28	111
28	112
28	110
30	115
30	116
30	114
30	117
31	125
31	122
31	124
31	123
32	129
32	128
32	126
32	127
33	131
33	133
33	132
33	130
34	134
34	136
34	135
34	137
35	138
35	139
35	140
35	141
36	143
36	145
36	144
36	142
39	154
39	156
39	155
39	157
40	162
40	163
40	165
40	164
41	161
41	158
41	160
41	159
42	169
43	172
42	167
43	173
42	168
43	170
42	166
43	171
45	180
45	179
45	178
45	181
46	183
46	184
46	182
46	185
47	186
47	187
47	188
47	189
48	191
48	190
48	195
48	192
49	199
49	201
49	198
49	200
50	197
50	194
50	196
50	193
54	227
54	225
54	222
54	228
55	211
55	213
55	210
55	212
56	226
56	223
56	221
56	224
57	220
57	219
57	218
57	104
58	230
58	231
58	229
58	232
59	235
59	233
59	234
59	236
65	257
65	258
65	259
65	260
77	299
77	302
77	300
77	301
82	329
82	327
82	330
82	328
95	380
95	378
95	379
95	377
101	396
101	398
101	399
101	397
105	422
105	421
105	419
105	420
111	437
111	435
111	436
111	438
118	459
118	460
118	461
118	458
123	484
123	485
123	483
123	436
130	498
130	191
130	499
130	500
136	527
136	525
136	526
136	528
142	550
142	551
142	548
142	549
146	573
146	574
146	575
146	572
153	587
153	588
153	586
153	589
160	252
160	612
160	613
160	614
168	640
168	641
168	639
168	638
175	669
175	668
175	667
175	670
180	696
180	694
180	697
180	695
191	742
191	736
191	740
191	738
197	758
197	756
197	755
197	757
203	778
203	779
203	776
203	777
209	800
209	799
209	802
209	801
221	843
221	844
221	842
221	841
238	68
238	899
238	901
238	900
244	921
244	922
244	923
244	920
249	942
249	943
249	945
249	944
257	964
257	962
257	963
257	965
263	993
263	995
263	994
263	996
286	973
286	271
286	1067
286	1068
292	1088
292	1089
292	1090
292	1087
60	239
60	237
60	240
60	238
66	261
66	263
66	262
66	264
72	285
72	283
72	284
72	286
87	345
87	346
87	343
87	344
93	366
93	365
93	368
93	367
100	388
100	391
100	390
100	389
115	445
115	444
115	446
115	443
120	474
126	492
126	491
126	490
126	493
132	512
132	509
132	510
132	511
155	599
155	163
155	171
155	598
159	619
159	622
159	620
159	621
176	681
176	679
176	682
176	680
184	701
184	699
184	698
184	700
190	730
190	731
190	729
190	728
196	753
196	751
196	754
196	752
207	793
207	792
207	794
207	791
213	813
213	814
213	812
213	815
227	862
227	863
227	861
227	860
233	888
233	887
233	885
233	886
239	904
239	787
239	903
239	902
245	924
245	925
245	926
245	824
251	949
251	947
251	948
251	946
261	989
261	991
261	992
261	990
268	1011
268	1012
268	1009
268	1010
275	494
281	1055
281	1053
281	1054
281	1056
287	1069
287	1071
287	1070
287	1072
293	598
293	1091
293	1093
293	1092
298	1112
298	927
298	1114
298	1113
303	1006
303	1133
303	1131
303	1132
61	255
61	253
61	254
61	256
67	268
67	267
67	265
67	266
73	288
73	289
73	290
73	287
84	332
84	331
84	334
84	333
89	354
89	355
89	356
89	353
94	376
94	375
94	374
94	373
99	392
99	394
99	393
99	395
107	416
107	414
107	411
107	412
116	457
116	454
116	455
116	456
121	478
121	477
121	475
121	476
127	494
133	513
133	515
133	516
133	514
139	539
139	537
139	402
139	538
145	561
145	563
145	562
145	560
151	583
151	584
151	525
151	585
157	604
157	605
157	606
157	607
163	630
163	629
163	628
163	627
169	649
169	650
169	651
169	652
174	671
174	674
174	672
174	673
179	691
179	693
179	692
179	74
185	110
185	711
185	710
185	709
198	760
198	759
198	762
198	761
204	780
204	782
204	781
204	778
211	604
211	805
211	803
211	804
218	827
218	828
218	826
218	57
224	853
224	855
224	852
224	854
229	875
229	874
229	873
229	876
234	894
241	907
241	905
241	908
241	906
246	934
246	931
246	933
246	932
253	953
253	950
253	951
253	952
258	979
258	983
258	977
258	981
265	997
265	999
265	998
265	1000
283	1057
290	1081
290	1078
290	1079
290	922
302	1124
302	1126
302	1123
302	1125
62	250
62	252
62	249
62	251
69	269
69	138
69	271
69	270
75	295
75	298
75	297
75	296
80	321
80	322
80	319
80	320
86	341
86	340
86	342
86	339
92	361
92	362
92	363
92	364
98	384
98	386
98	385
98	387
110	434
110	433
110	431
110	432
114	450
114	451
114	452
114	453
122	470
122	472
122	473
122	471
128	495
128	496
128	497
128	361
140	540
140	541
140	543
140	542
148	565
148	566
148	567
148	564
152	594
152	595
152	597
152	596
158	611
158	610
158	608
158	609
164	632
164	633
164	634
164	631
177	686
177	684
177	683
177	685
183	704
183	702
183	705
183	703
189	720
189	724
189	723
189	726
195	748
195	747
195	750
195	749
202	772
202	769
202	771
202	770
208	795
208	797
208	798
208	796
219	837
219	840
219	839
219	838
225	859
225	858
225	856
225	857
231	880
231	879
231	878
231	877
237	897
237	898
237	896
237	895
243	919
243	916
243	917
243	918
250	941
250	940
250	939
250	938
255	966
255	969
255	967
255	968
262	986
262	988
262	987
262	985
267	1014
267	1013
267	1016
267	1015
279	1048
279	1046
279	1047
279	1045
291	1085
291	1086
291	1084
291	1083
299	1107
299	1106
299	1105
299	1104
63	248
63	246
63	245
63	247
76	304
76	306
76	303
76	305
83	325
83	323
83	324
83	326
88	350
88	352
88	349
88	351
96	371
96	372
96	370
96	369
102	111
102	401
102	402
102	400
106	425
106	423
106	426
106	424
112	440
112	442
112	441
112	439
117	465
117	462
117	464
117	463
125	482
125	480
125	481
125	479
131	508
131	505
131	506
131	507
143	554
143	552
143	553
143	555
156	602
156	600
156	601
156	603
162	623
162	624
162	625
162	626
166	125
166	647
166	648
166	646
170	660
170	662
170	661
170	663
182	706
182	707
182	483
182	708
188	725
188	721
188	722
188	727
200	768
200	766
200	767
200	765
206	790
206	788
206	787
206	789
212	811
212	808
212	809
212	810
223	848
223	846
223	845
223	847
230	870
230	872
230	869
230	871
248	935
248	936
248	937
248	389
254	961
254	958
254	960
254	959
260	982
260	980
260	978
260	984
264	1006
264	1007
264	1008
264	1005
288	1080
288	1077
288	400
288	1082
294	1096
294	1094
294	973
294	1095
300	1116
300	1117
300	1115
300	1118
64	243
64	244
64	241
64	242
68	276
68	278
68	277
68	279
74	292
74	294
74	293
74	291
79	317
79	316
79	318
79	315
85	337
85	338
85	336
85	335
91	358
91	359
91	357
91	360
97	382
97	165
97	383
97	381
103	406
103	405
103	403
103	404
109	427
109	430
109	429
109	428
119	468
119	467
119	466
119	469
124	489
124	486
124	488
124	487
135	521
135	523
135	524
135	522
141	544
141	547
141	546
141	545
147	568
147	570
147	569
147	571
154	590
154	591
154	593
154	592
161	617
161	618
161	616
161	615
167	643
167	642
167	644
167	645
173	664
173	666
173	419
173	665
181	690
181	687
181	688
181	689
187	717
187	716
187	718
187	719
193	737
193	741
193	735
193	739
199	333
199	287
199	763
199	764
205	783
205	784
205	785
205	786
210	807
210	806
210	751
210	287
217	823
217	824
217	822
217	825
228	865
228	868
228	867
228	866
235	889
235	891
235	890
235	892
240	910
240	912
240	909
240	911
247	927
247	930
247	929
247	928
252	957
252	954
252	955
252	956
259	975
259	973
259	974
259	976
266	1002
266	1004
266	1001
266	1003
272	1030
272	1029
272	1028
272	1027
277	1042
277	1043
277	1044
277	225
282	1059
282	1060
282	1058
282	1061
289	1075
289	1076
289	1073
289	1074
295	1098
295	1100
295	1097
295	1099
301	1122
301	1121
301	1119
301	1120
304	1127
304	1130
304	1128
304	1129
305	1136
305	1140
305	1138
305	1141
306	1134
306	1139
306	1135
306	1137
307	1144
307	1142
307	1145
307	1143
308	1149
308	1147
308	1146
308	1148
309	1150
309	1151
309	1152
309	664
310	361
310	1155
310	1153
310	1154
311	1169
311	1167
311	1168
311	1170
312	1160
312	1159
312	1163
312	1162
313	1158
313	1161
313	1157
313	1156
314	329
314	1165
314	1166
314	1164
315	1172
315	1171
315	1173
315	1174
316	1175
316	1176
316	1177
316	1178
317	1185
317	1186
317	1183
317	1184
318	1180
318	1179
318	1181
318	1182
319	1191
319	1189
319	1190
319	1192
327	1207
332	1230
332	1231
332	1233
332	1232
337	1251
337	1249
337	1250
337	1248
341	1269
341	1267
341	1268
341	369
348	1282
348	1281
348	1283
348	1280
354	1307
354	1305
354	1306
354	1308
360	494
365	1346
365	1345
365	1343
365	1341
371	1364
371	1363
371	1361
371	1362
376	1382
376	1379
376	1381
376	1380
381	1398
381	1401
381	1400
381	1399
388	1414
388	1415
388	1416
388	1417
400	1456
400	1458
400	1457
400	979
406	1477
406	1479
406	443
406	1478
412	1495
412	650
412	1497
412	1496
418	1511
418	1512
418	1513
418	711
424	1530
424	1532
424	1529
424	1531
430	288
430	1548
430	1546
430	1547
436	1567
436	1568
436	1569
436	1570
442	1589
442	1590
442	1591
442	218
447	1614
447	1613
447	1611
447	1612
453	1624
453	1626
453	333
453	1625
458	924
458	287
458	1645
458	1165
468	419
468	1680
468	1679
468	706
476	1693
476	1694
476	1695
476	1692
482	1720
482	1719
482	1665
482	803
489	1736
489	1739
489	1737
489	1738
493	1761
493	1762
493	1763
493	1760
505	1794
505	1796
505	1795
505	1793
511	1816
511	1815
511	1725
511	1817
522	1856
522	1853
522	1855
522	1854
528	1046
528	1873
528	1871
528	1872
534	1890
534	1889
534	1891
534	1888
320	822
320	1187
320	1188
320	154
325	1210
325	1211
325	1208
325	1209
338	1255
338	1254
338	1253
338	1252
342	1273
342	1271
342	1272
342	1270
347	1286
347	923
347	1285
347	1284
353	1303
353	1302
353	1301
353	1304
366	1339
366	1342
366	1340
366	1344
377	1385
377	1383
377	1384
377	1386
383	1405
383	1402
383	1404
383	1403
389	1421
389	1178
389	1423
389	1422
396	1148
396	1440
396	1146
396	1442
402	1295
402	1464
402	1463
402	1465
407	942
407	1485
407	1484
407	353
419	1515
419	375
419	1516
419	1514
425	626
425	624
425	625
425	623
431	1551
431	1552
431	1549
431	1550
444	1594
444	1593
444	1592
444	1359
450	1615
450	1617
450	1616
450	1618
456	27
456	1637
456	1636
456	1635
462	300
462	1652
462	1653
462	1654
469	1674
469	1673
469	1672
469	1671
480	702
480	1714
480	1712
480	1713
487	1728
487	1729
487	1730
487	1731
492	1755
492	1753
492	1752
492	1754
498	1772
498	123
498	1773
498	1774
504	1789
504	1791
504	1790
504	1792
510	1812
510	1811
510	1813
510	1814
523	1850
523	1851
523	1852
523	1849
535	1894
535	385
535	1892
535	1893
321	1194
321	1196
321	1195
321	1193
326	1215
326	1213
326	1214
326	1212
331	57
331	1227
331	1228
331	1229
336	1245
336	1244
336	1247
336	1246
351	1046
351	1293
351	1291
351	1292
357	1318
357	1317
357	1319
357	301
369	1356
369	1354
369	1355
369	1357
382	1394
382	1397
382	1396
382	1395
387	1420
387	1419
387	638
387	1418
399	249
399	1454
399	1453
399	1455
405	1474
405	1475
405	1476
405	1473
411	1492
411	1494
411	1493
411	1491
417	1510
417	1509
417	1507
417	1508
435	1565
435	1564
435	299
435	1566
441	1587
441	1586
441	1588
441	1261
446	1608
446	1609
446	1607
446	1610
452	1623
452	1154
452	1621
452	1622
470	1677
470	1678
470	1675
470	1676
475	1701
475	1699
475	1698
475	1700
481	1716
481	1718
481	1715
481	1717
486	1735
486	1734
486	1732
486	1733
494	1750
494	483
494	1751
494	1383
499	1778
499	1777
499	1775
499	1776
506	396
506	1797
506	1799
506	1798
512	1819
512	1818
519	1835
519	1836
519	1837
519	1834
526	1861
526	1860
526	1862
526	1859
530	1885
530	289
530	1884
530	1883
537	494
322	1201
322	1203
322	1200
322	1202
328	1216
328	1109
328	1217
328	356
334	868
334	1235
334	1236
334	1234
340	1256
340	1258
340	1259
340	1257
346	1279
346	1277
346	1190
346	1278
352	1299
352	1298
352	912
352	1300
370	999
370	1360
370	1359
370	1358
384	1406
384	1407
384	1358
384	1318
390	1426
390	1427
390	1424
390	1425
395	1446
395	1447
395	1445
395	1400
401	1459
401	1461
401	1460
401	1462
410	1482
410	1483
410	1480
410	1481
416	1504
416	1505
416	1506
416	158
421	1522
421	1525
421	1523
421	1524
426	171
426	1537
426	729
426	1538
432	1556
432	1553
432	1555
432	1554
438	1575
438	1578
438	1577
438	1576
443	1597
443	1595
443	1598
443	1596
455	1633
455	1634
455	1631
455	1632
460	1648
460	1650
460	1649
460	1651
465	1668
465	1666
465	1667
465	1665
472	1682
472	265
472	1683
472	1681
478	1707
478	1705
478	1704
478	1706
485	1726
485	1725
485	1727
485	1009
491	1748
491	1746
491	1749
491	1747
497	1770
497	1768
497	1771
497	1769
502	1788
502	1787
502	1786
502	1785
507	1807
507	1806
507	1804
507	1805
513	1820
513	1822
513	1821
513	1216
520	1840
520	1839
520	1838
520	1384
525	1864
525	1866
525	1865
525	1863
531	1882
531	1880
531	1881
531	1879
323	1197
323	1199
323	261
323	1198
329	1218
329	1219
329	616
329	1220
339	1238
339	94
339	1237
339	1239
345	1275
345	590
345	1276
345	1274
350	1296
350	1295
350	1297
350	1294
355	1315
355	1313
355	1316
355	1314
362	1328
362	1330
362	1331
362	1329
367	1350
367	1351
367	1352
367	1353
379	1390
379	1389
379	1387
379	1388
385	1409
385	1410
385	1408
385	1164
391	1430
391	1428
391	1431
391	1429
397	1448
397	1449
404	1467
404	1469
404	1468
404	1466
415	779
415	1499
415	1501
415	1500
420	1519
420	1521
420	1009
420	1520
427	1533
427	1535
427	1534
427	1536
433	1559
433	1557
433	1558
433	526
439	1582
439	1580
439	1579
439	1581
445	1599
445	1602
445	1601
445	1600
457	1640
457	1638
457	1641
457	1639
466	1655
466	1657
466	1656
466	1658
473	1686
473	1685
473	1684
473	1687
479	1710
479	1711
479	1708
479	1709
490	1745
490	1744
490	1743
490	1742
496	1764
496	1767
496	1766
496	1765
509	1809
509	1429
509	1808
509	1810
515	1826
515	1828
515	1829
515	1827
521	1847
521	1848
521	1846
521	1845
533	1886
533	941
533	1887
533	899
536	1901
536	1900
536	1903
536	1902
324	1204
324	1205
324	134
324	1206
330	329
330	1221
330	1222
330	1223
335	1240
335	1243
335	1241
335	1242
343	1262
343	1260
343	1261
343	1263
349	1290
349	1289
349	1288
349	1287
356	1310
356	1312
356	1311
356	1309
380	1392
380	1391
380	1393
380	1319
392	1433
392	1432
392	1434
392	1435
403	364
403	1470
403	1471
403	1472
409	1487
409	1486
409	1489
409	1488
428	1540
428	435
428	1539
428	1541
434	1560
434	1563
434	1561
434	1562
440	1269
440	1584
440	1585
440	1583
448	1606
448	1605
448	1603
448	1604
454	1628
454	1630
454	1629
454	1627
461	889
461	890
461	1646
461	1647
467	928
467	1670
467	1669
467	1046
471	1688
471	1689
471	1691
471	1690
483	1721
483	1724
483	1723
483	1722
488	923
488	512
488	1740
488	1741
495	1759
495	1757
495	1758
495	1756
501	1782
501	1781
501	1780
501	1779
508	1803
508	1802
508	1801
508	1800
514	1513
514	1824
514	1825
514	1823
524	1857
524	1552
524	304
524	1858
\.


--
-- Data for Name: movies_categories; Type: TABLE DATA; Schema: public; Owner: postgres
--

COPY movies_categories (movies_id, categories_id) FROM stdin;
6	1
6	4
6	2
8	3
8	8
9	2
9	7
9	1
10	1
10	4
10	10
13	11
13	4
13	2
15	13
17	14
17	15
18	11
18	2
19	2
19	12
20	17
20	2
21	2
21	4
21	1
22	10
23	7
23	1
23	12
24	2
25	2
25	1
25	4
26	14
26	2
26	15
27	2
27	18
28	11
28	15
28	10
30	15
30	11
30	2
31	19
31	18
31	16
32	7
32	2
33	1
33	7
34	4
34	10
34	13
35	20
35	2
35	4
36	16
36	1
36	19
39	1
39	2
39	19
40	7
40	2
40	1
41	10
41	4
41	21
42	22
43	21
42	2
43	2
42	7
43	4
45	15
45	5
46	1
46	2
46	4
47	12
47	9
47	1
48	1
49	15
49	1
50	2
50	10
50	1
54	2
54	4
54	15
55	13
55	15
56	1
56	7
56	2
57	2
57	15
57	4
58	1
59	10
59	2
59	16
60	1
61	2
62	2
62	10
62	16
63	2
64	14
65	4
66	1
66	14
66	12
67	4
67	10
67	2
68	2
68	7
69	17
69	22
72	2
72	1
73	10
73	14
73	13
74	15
75	7
75	2
75	1
76	2
77	10
77	15
77	2
79	16
79	13
79	10
80	1
80	2
82	15
82	1
83	14
83	2
84	1
84	4
84	2
85	1
85	14
85	16
86	12
86	16
86	2
87	1
87	7
88	21
88	2
88	23
89	2
89	4
89	15
91	15
92	1
93	1
94	11
95	18
95	2
95	1
96	16
96	2
96	8
97	2
98	1
99	2
99	15
99	7
100	15
100	14
101	9
101	7
101	1
102	7
102	1
106	2
112	7
112	2
117	7
117	4
117	20
125	24
125	2
125	21
131	4
131	2
143	13
143	14
143	10
156	16
156	8
156	2
162	4
162	1
166	16
166	10
166	13
170	7
170	23
170	1
182	7
182	2
182	1
188	1
200	1
200	21
200	2
206	7
206	23
206	2
212	7
212	1
223	1
223	7
223	2
230	12
230	19
230	10
248	2
248	16
248	15
254	10
254	4
254	2
260	4
260	2
260	11
264	1
288	14
288	15
288	11
294	12
294	10
294	16
300	2
300	10
300	23
103	14
109	14
109	12
109	15
119	16
119	10
124	4
124	2
135	1
135	16
141	15
141	2
147	7
147	10
147	2
154	1
154	18
161	15
161	11
167	1
167	7
167	16
173	17
173	2
181	1
181	7
187	1
193	2
193	7
193	1
199	1
199	4
205	7
205	2
205	1
210	10
210	17
217	2
217	10
217	16
228	7
228	1
228	2
235	4
235	1
235	10
240	2
247	10
247	1
247	4
252	1
252	13
259	4
259	2
266	18
266	7
266	1
272	4
272	2
277	8
277	21
277	2
282	14
282	1
289	15
289	14
289	11
295	1
295	2
301	15
301	2
110	2
114	2
114	1
114	24
122	1
128	10
128	2
128	4
140	2
140	18
140	1
148	11
148	14
148	13
152	11
152	13
152	2
158	1
158	16
164	2
177	4
177	2
183	14
183	13
189	1
195	2
195	12
195	16
202	21
202	2
208	5
219	2
219	1
225	2
225	7
225	18
231	2
231	7
237	24
237	21
243	2
250	13
250	10
250	16
255	2
255	7
255	1
262	17
267	2
267	10
279	1
279	7
291	18
291	12
291	1
299	2
105	2
105	22
105	17
111	1
111	7
118	16
118	2
118	17
123	21
123	2
130	1
130	9
136	11
136	15
142	1
142	2
146	7
146	8
146	2
153	2
160	1
160	7
168	15
168	10
175	2
175	7
180	24
180	2
191	7
191	2
191	1
197	1
197	10
203	2
203	14
203	13
209	1
221	10
221	1
238	4
238	1
238	10
244	1
244	17
249	1
249	4
249	10
257	14
257	15
263	12
263	14
263	15
286	4
286	2
286	10
292	18
292	1
304	14
304	15
107	15
116	2
116	1
116	16
121	4
121	1
127	5
133	15
133	11
133	2
139	1
145	14
145	11
151	1
151	2
157	10
157	5
163	7
163	24
163	1
169	15
169	2
174	14
174	13
179	10
179	12
179	16
185	4
185	15
185	2
198	15
198	13
204	16
204	15
204	10
211	2
211	7
211	22
218	13
218	4
218	15
224	1
224	14
224	4
229	14
229	15
229	24
234	5
234	19
234	1
241	14
246	2
246	22
253	12
253	2
253	19
258	1
258	7
265	12
265	16
265	10
283	25
290	2
290	1
302	13
115	1
115	10
115	16
120	1
120	5
126	8
126	21
126	2
132	1
132	2
132	7
155	1
155	2
155	7
159	1
176	2
184	1
190	2
190	1
196	15
196	10
207	25
213	21
213	23
213	2
227	2
233	2
233	20
233	4
239	2
239	11
239	4
245	7
245	1
251	2
251	7
261	2
268	2
268	22
275	5
275	19
281	14
287	1
287	4
287	2
293	19
293	18
293	1
298	2
298	23
303	11
303	15
305	2
305	7
305	24
306	25
307	2
307	7
307	1
308	1
309	14
309	2
310	10
310	2
310	22
311	1
311	7
311	2
312	18
312	2
312	1
313	2
313	24
313	1
314	7
314	2
315	13
315	10
315	4
316	1
316	13
316	10
317	10
317	14
317	4
318	15
318	14
318	4
319	2
319	4
319	20
320	2
320	24
321	5
322	1
323	12
323	14
323	1
324	8
324	16
324	2
325	18
325	2
325	16
326	7
326	2
327	2
328	2
328	7
328	15
329	25
330	11
330	14
330	4
331	21
331	2
331	4
332	1
332	12
332	16
334	11
334	2
335	12
335	14
335	1
336	11
336	2
336	4
337	2
338	14
338	15
339	1
339	7
340	4
340	13
340	10
341	21
341	16
341	8
342	7
342	9
342	4
343	2
345	1
345	18
346	2
346	4
347	2
348	1
348	7
349	14
349	16
349	2
350	1
350	14
350	15
351	12
351	2
351	18
352	7
352	2
352	14
353	1
353	9
353	2
354	7
354	2
355	2
356	15
356	11
356	14
357	4
357	10
357	11
360	1
360	19
360	5
362	11
362	1
365	10
365	16
365	14
366	14
366	15
366	11
367	14
380	2
380	24
380	7
392	1
403	20
403	11
403	2
409	1
409	7
409	2
428	7
428	2
434	16
434	10
440	17
440	2
440	21
448	21
448	2
448	8
454	1
454	12
461	4
461	10
461	1
467	15
467	4
467	2
471	14
483	2
483	20
483	4
488	10
488	4
488	21
495	7
495	2
501	24
501	1
501	2
508	1
508	7
514	1
514	2
524	2
369	10
369	16
369	13
382	2
382	4
387	15
387	10
399	2
405	8
405	9
405	2
411	15
411	2
417	2
435	7
435	1
441	2
441	11
441	12
446	2
446	7
452	1
470	2
475	1
475	10
475	4
481	15
481	22
486	2
486	11
486	4
494	1
494	9
494	7
499	19
499	16
499	18
506	9
512	5
512	2
519	15
519	11
526	1
526	2
530	2
530	14
530	11
537	5
537	19
537	18
370	4
370	2
370	10
384	11
384	2
384	4
390	19
390	16
390	10
395	14
395	15
401	4
401	1
410	1
410	2
410	7
416	10
416	15
416	4
421	14
421	15
426	4
426	1
432	10
432	2
432	8
438	2
438	12
438	15
443	2
443	7
455	2
460	1
460	7
460	9
465	10
465	16
465	4
472	16
472	2
472	18
478	2
478	15
478	4
485	16
485	2
491	18
491	2
491	16
497	4
497	2
497	10
502	15
502	14
507	1
507	18
513	2
513	1
520	2
525	7
525	2
531	1
531	10
531	16
371	15
376	1
381	15
381	2
381	14
388	13
388	4
400	2
400	11
406	15
406	2
406	10
412	2
418	2
418	11
418	4
424	1
424	14
430	2
436	7
436	2
442	2
447	2
447	1
447	8
453	7
453	1
458	7
458	2
468	4
468	1
468	11
476	14
476	2
476	12
482	10
482	16
482	13
489	2
489	4
489	15
493	16
493	1
505	11
505	15
511	2
511	22
511	10
522	2
522	16
528	21
528	2
528	8
534	18
534	2
534	1
377	14
377	11
377	7
383	1
383	12
383	14
389	16
389	13
396	1
402	2
402	19
402	10
407	15
407	2
407	4
419	2
419	21
425	1
425	4
431	4
431	15
431	10
444	16
444	1
444	18
450	22
450	2
450	7
456	1
456	18
456	12
462	2
462	22
469	2
469	10
480	13
480	22
480	15
487	2
487	21
487	7
492	2
498	18
498	19
498	5
504	15
510	1
510	2
523	2
535	16
379	21
379	2
385	2
385	18
385	12
391	10
391	1
397	2
397	7
397	24
404	14
404	2
404	15
415	15
420	2
420	16
420	21
427	12
427	15
427	11
433	14
439	7
439	1
445	1
445	18
445	16
457	11
457	14
457	16
466	14
466	15
473	16
473	12
473	18
479	18
479	1
490	2
496	2
496	15
496	14
509	21
509	4
509	2
515	7
515	18
515	1
521	1
521	7
533	16
533	14
533	1
536	2
536	7
\.


--
-- Name: movies_id_seq; Type: SEQUENCE SET; Schema: public; Owner: postgres
--

SELECT pg_catalog.setval('movies_id_seq', 550, true);


--
-- Data for Name: roles; Type: TABLE DATA; Schema: public; Owner: postgres
--

COPY roles (id, name) FROM stdin;
1	ROLE_USER
2	ROLE_ADMIN
\.


--
-- Name: roles_id_seq; Type: SEQUENCE SET; Schema: public; Owner: postgres
--

SELECT pg_catalog.setval('roles_id_seq', 2, true);


--
-- Data for Name: users; Type: TABLE DATA; Schema: public; Owner: postgres
--

COPY users (id, email, fullname, password, photo) FROM stdin;
3	super@xxx.com	Super admin	$2a$10$UnDKT4ZyjGPM6/b6LYGpee.S2MEjXuwEOMO57uglfdi3C9aXjAMvy	\N
4	normal@xxx.com	Normal user	$2a$10$eUw1H2bt/4K2n36iK5FlMej.0jCkWzFb9z.Nva/sQ9G1W.JQ65zUO	\N
5	yefri@abv.bg	Lubomir Ivanov	$2a$10$kf0R5ETKHgIo5tRgZo9vCecoFy.XslrPS1AZX7bGsBGa/rhR7KYC6	\N
7	lala@abv.bg	Lala Lala	$2a$10$/jh9fqvvVA7AR3t4.Hq1UuuAawkNx5b9.4WT.BE1Kc3erewC621iK	\N
\.


--
-- Name: users_id_seq; Type: SEQUENCE SET; Schema: public; Owner: postgres
--

SELECT pg_catalog.setval('users_id_seq', 7, true);


--
-- Data for Name: users_movies; Type: TABLE DATA; Schema: public; Owner: postgres
--

COPY users_movies (users_id, favourites_id) FROM stdin;
4	6
4	8
4	9
4	10
3	20
5	6
3	8
3	10
3	15
3	17
3	19
3	18
3	22
3	23
3	24
3	13
3	6
3	21
7	9
\.


--
-- Data for Name: users_roles; Type: TABLE DATA; Schema: public; Owner: postgres
--

COPY users_roles (users_id, roles_id) FROM stdin;
3	2
4	1
5	1
7	1
\.


--
-- Name: actors_pkey; Type: CONSTRAINT; Schema: public; Owner: postgres; Tablespace: 
--

ALTER TABLE ONLY actors
    ADD CONSTRAINT actors_pkey PRIMARY KEY (id);


--
-- Name: categories_pkey; Type: CONSTRAINT; Schema: public; Owner: postgres; Tablespace: 
--

ALTER TABLE ONLY categories
    ADD CONSTRAINT categories_pkey PRIMARY KEY (id);


--
-- Name: comments_pkey; Type: CONSTRAINT; Schema: public; Owner: postgres; Tablespace: 
--

ALTER TABLE ONLY comments
    ADD CONSTRAINT comments_pkey PRIMARY KEY (id);


--
-- Name: movies_actors_pkey; Type: CONSTRAINT; Schema: public; Owner: postgres; Tablespace: 
--

ALTER TABLE ONLY movies_actors
    ADD CONSTRAINT movies_actors_pkey PRIMARY KEY (movies_id, actors_id);


--
-- Name: movies_categories_pkey; Type: CONSTRAINT; Schema: public; Owner: postgres; Tablespace: 
--

ALTER TABLE ONLY movies_categories
    ADD CONSTRAINT movies_categories_pkey PRIMARY KEY (movies_id, categories_id);


--
-- Name: movies_pkey; Type: CONSTRAINT; Schema: public; Owner: postgres; Tablespace: 
--

ALTER TABLE ONLY movies
    ADD CONSTRAINT movies_pkey PRIMARY KEY (id);


--
-- Name: roles_pkey; Type: CONSTRAINT; Schema: public; Owner: postgres; Tablespace: 
--

ALTER TABLE ONLY roles
    ADD CONSTRAINT roles_pkey PRIMARY KEY (id);


--
-- Name: uk_6dotkott2kjsp8vw4d0m25fb7; Type: CONSTRAINT; Schema: public; Owner: postgres; Tablespace: 
--

ALTER TABLE ONLY users
    ADD CONSTRAINT uk_6dotkott2kjsp8vw4d0m25fb7 UNIQUE (email);


--
-- Name: users_movies_pkey; Type: CONSTRAINT; Schema: public; Owner: postgres; Tablespace: 
--

ALTER TABLE ONLY users_movies
    ADD CONSTRAINT users_movies_pkey PRIMARY KEY (users_id, favourites_id);


--
-- Name: users_pkey; Type: CONSTRAINT; Schema: public; Owner: postgres; Tablespace: 
--

ALTER TABLE ONLY users
    ADD CONSTRAINT users_pkey PRIMARY KEY (id);


--
-- Name: users_roles_pkey; Type: CONSTRAINT; Schema: public; Owner: postgres; Tablespace: 
--

ALTER TABLE ONLY users_roles
    ADD CONSTRAINT users_roles_pkey PRIMARY KEY (users_id, roles_id);


--
-- Name: fk8omq0tc18jd43bu5tjh6jvraq; Type: FK CONSTRAINT; Schema: public; Owner: postgres
--

ALTER TABLE ONLY comments
    ADD CONSTRAINT fk8omq0tc18jd43bu5tjh6jvraq FOREIGN KEY (user_id) REFERENCES users(id);


--
-- Name: fka62j07k5mhgifpp955h37ponj; Type: FK CONSTRAINT; Schema: public; Owner: postgres
--

ALTER TABLE ONLY users_roles
    ADD CONSTRAINT fka62j07k5mhgifpp955h37ponj FOREIGN KEY (roles_id) REFERENCES roles(id);


--
-- Name: fkatgsnl7fyqx58m934snd5kis3; Type: FK CONSTRAINT; Schema: public; Owner: postgres
--

ALTER TABLE ONLY movies_categories
    ADD CONSTRAINT fkatgsnl7fyqx58m934snd5kis3 FOREIGN KEY (movies_id) REFERENCES movies(id);


--
-- Name: fkh1pn07j993cgx0w2v2m7plbyr; Type: FK CONSTRAINT; Schema: public; Owner: postgres
--

ALTER TABLE ONLY users_movies
    ADD CONSTRAINT fkh1pn07j993cgx0w2v2m7plbyr FOREIGN KEY (favourites_id) REFERENCES movies(id);


--
-- Name: fkh3li5kax0d7ooqs3195t82uqw; Type: FK CONSTRAINT; Schema: public; Owner: postgres
--

ALTER TABLE ONLY movies_actors
    ADD CONSTRAINT fkh3li5kax0d7ooqs3195t82uqw FOREIGN KEY (movies_id) REFERENCES movies(id);


--
-- Name: fki9nbemods4rqk1geesbsgjpl1; Type: FK CONSTRAINT; Schema: public; Owner: postgres
--

ALTER TABLE ONLY movies_actors
    ADD CONSTRAINT fki9nbemods4rqk1geesbsgjpl1 FOREIGN KEY (actors_id) REFERENCES actors(id);


--
-- Name: fkjpiynw683f1g7xas6ujf5t5ca; Type: FK CONSTRAINT; Schema: public; Owner: postgres
--

ALTER TABLE ONLY users_movies
    ADD CONSTRAINT fkjpiynw683f1g7xas6ujf5t5ca FOREIGN KEY (users_id) REFERENCES users(id);


--
-- Name: fklc0xgbt4aq9fgw63jpeu36o0t; Type: FK CONSTRAINT; Schema: public; Owner: postgres
--

ALTER TABLE ONLY movies_categories
    ADD CONSTRAINT fklc0xgbt4aq9fgw63jpeu36o0t FOREIGN KEY (categories_id) REFERENCES categories(id);


--
-- Name: fkml90kef4w2jy7oxyqv742tsfc; Type: FK CONSTRAINT; Schema: public; Owner: postgres
--

ALTER TABLE ONLY users_roles
    ADD CONSTRAINT fkml90kef4w2jy7oxyqv742tsfc FOREIGN KEY (users_id) REFERENCES users(id);


--
-- Name: fkr1xv5xvew7k2aed5qu5lci3kt; Type: FK CONSTRAINT; Schema: public; Owner: postgres
--

ALTER TABLE ONLY comments
    ADD CONSTRAINT fkr1xv5xvew7k2aed5qu5lci3kt FOREIGN KEY (movie_id) REFERENCES movies(id);


--
-- Name: public; Type: ACL; Schema: -; Owner: postgres
--

REVOKE ALL ON SCHEMA public FROM PUBLIC;
REVOKE ALL ON SCHEMA public FROM postgres;
GRANT ALL ON SCHEMA public TO postgres;
GRANT ALL ON SCHEMA public TO PUBLIC;


--
-- PostgreSQL database dump complete
--

